-- MariaDB dump 10.19  Distrib 10.4.24-MariaDB, for Win64 (AMD64)
--
-- Host: localhost    Database: dabadebo
-- ------------------------------------------------------
-- Server version	10.4.24-MariaDB

/*!40101 SET @OLD_CHARACTER_SET_CLIENT=@@CHARACTER_SET_CLIENT */;
/*!40101 SET @OLD_CHARACTER_SET_RESULTS=@@CHARACTER_SET_RESULTS */;
/*!40101 SET @OLD_COLLATION_CONNECTION=@@COLLATION_CONNECTION */;
/*!40101 SET NAMES utf8mb4 */;
/*!40103 SET @OLD_TIME_ZONE=@@TIME_ZONE */;
/*!40103 SET TIME_ZONE='+00:00' */;
/*!40014 SET @OLD_UNIQUE_CHECKS=@@UNIQUE_CHECKS, UNIQUE_CHECKS=0 */;
/*!40014 SET @OLD_FOREIGN_KEY_CHECKS=@@FOREIGN_KEY_CHECKS, FOREIGN_KEY_CHECKS=0 */;
/*!40101 SET @OLD_SQL_MODE=@@SQL_MODE, SQL_MODE='NO_AUTO_VALUE_ON_ZERO' */;
/*!40111 SET @OLD_SQL_NOTES=@@SQL_NOTES, SQL_NOTES=0 */;

--
-- Table structure for table `admins`
--

DROP TABLE IF EXISTS `admins`;
/*!40101 SET @saved_cs_client     = @@character_set_client */;
/*!40101 SET character_set_client = utf8 */;
CREATE TABLE `admins` (
  `id` bigint(20) unsigned NOT NULL AUTO_INCREMENT,
  `name` varchar(255) NOT NULL,
  `last_name` varchar(255) DEFAULT NULL,
  `image` varchar(255) NOT NULL DEFAULT '''blank.svg''',
  `email` varchar(255) NOT NULL,
  `mobile` text DEFAULT NULL,
  `email_verified_at` timestamp NULL DEFAULT NULL,
  `password` varchar(255) NOT NULL,
  `remember_token` varchar(100) DEFAULT NULL,
  `created_at` timestamp NULL DEFAULT NULL,
  `updated_at` timestamp NULL DEFAULT NULL,
  `type` int(11) NOT NULL DEFAULT 1 COMMENT '0:admin,\r\n1:manager\r\n2:specialists (specialty_cd((341:psychological, 342:speech)) ',
  `status` int(11) NOT NULL DEFAULT 1 COMMENT '0:pended\r\n1:active',
  `roles_name` text DEFAULT NULL,
  `roles_id` int(20) unsigned DEFAULT NULL,
  PRIMARY KEY (`id`),
  UNIQUE KEY `admins_email_unique` (`email`)
) ENGINE=InnoDB AUTO_INCREMENT=1659258811 DEFAULT CHARSET=utf8;
/*!40101 SET character_set_client = @saved_cs_client */;

--
-- Dumping data for table `admins`
--

LOCK TABLES `admins` WRITE;
/*!40000 ALTER TABLE `admins` DISABLE KEYS */;
INSERT INTO `admins` VALUES (10,'مدير النظام',NULL,'62e253a2c87d8.jpg','admin@gmail.com','0000011111',NULL,'$2y$10$v8AUFjK9mQhLzIse1jwoIOK3giX7e78Omjnd52j0VGqdjnEyGRp.i',NULL,'2022-01-26 10:59:50','2022-07-28 09:15:14',0,1,NULL,NULL),(1658997171,'شيماء الدغمة',NULL,'62e250d12d6af.jpg','shimaa9018@gmail.com','0592348744',NULL,'$2y$10$RSozWFHEQ4xe.qI6W3UXbefPNaGEy3C8GZTmYUtBgiCL5UowlHSf6',NULL,'2022-07-28 08:32:51','2022-07-28 09:03:13',6,1,'مشرف أخصائيين',73),(1658997219,'إبراهيم أبو هربيد',NULL,'62e249e32d938.jpg','ibrahimharbid2@gmail.com','0599457050',NULL,'$2y$10$G8dOiPb1fbZv8n39Qw96beQp.y8A1KAshwkL3Qv6PKO4oZIpcoD72',NULL,'2022-07-28 08:33:39','2022-07-28 08:33:39',5,1,'مشرف مدراء حالة',72),(1658997254,'محمود أبو سليمان',NULL,'62e24a29859b5.jpg','mh.o.sliman@gmail.com','0592900866',NULL,'$2y$10$WfHK6ZKjvhscYEQqRfPMLui9s3fS/Px8L8uFe4.Aqw2rwPja1fBr6',NULL,'2022-07-28 08:34:14','2022-07-28 08:34:49',5,1,'مشرف مدراء حالة',72),(1658997329,'ميسر أحمد',NULL,'62e24a5105cad.jpg','ahm@gmail.com','0584521203',NULL,'$2y$10$tAnx3NtFcJIkGAYggdSu.O.QUMHQYfha9SzFZuK/JD3bdUwo8zM/O',NULL,'2022-07-28 08:35:29','2022-07-28 08:35:29',3,1,'ميسر',70),(1658997357,'مدير حالة محمد',NULL,'62e27d14ccc68.jpg','saedqr16@gmail.com','0524787878',NULL,'$2y$10$XXP/fKmjYd8QK3a4g0LxROlpD3Jjn51xBW2GaD3.OYQzRlKBwbiG6',NULL,'2022-07-28 08:35:57','2022-07-28 12:12:04',1,1,'مدير حالة',68),(1658998057,'محمد Shift (مدير حالة)',NULL,'62fa01b799921.jpg','moh@gmail.com','0597777777',NULL,'$2y$10$HRk.PylHKtWaZ6Vizj5aGe1aQ2QYCNO/RJq.awnscFKcmoa4FrlyS',NULL,'2022-07-28 08:47:37','2022-08-15 08:21:01',1,1,'مدير حالة',68),(1658998279,'محمد Shift (ميسر)',NULL,'62e24e2060251.jpg','m2@gmail.com','0591122334',NULL,'$2y$10$VlS4sbx4eC2aEk3GxVwGQ.yTqeoDovtz1KF6Cto8BRRrohH2qBqoa',NULL,'2022-07-28 08:51:19','2022-07-28 08:51:44',3,1,'ميسر',70),(1658998787,'محمد Shift (مشرف مدار الحالة)',NULL,'62e650bd85460.jpg','msssa875@gmail.com','0597845125',NULL,'$2y$10$/zhmeTfypXsfzwr847Ik9.UM36iR0Tx9IsGv84Ta7IEIz5LlKJhPq',NULL,'2022-07-28 08:59:47','2022-07-31 09:51:57',5,1,'مشرف مدراء حالة',72),(1658998932,'محمد Shift (مشرف أخصائيين)',NULL,'62e2657d47309.jpg','m4@gmail.com','0592233114',NULL,'$2y$10$NVetbsQflOyudhPjBDPiO.ZTicB/lKk5iDh/KNJx.IDxf1Ha56Wf6',NULL,'2022-07-28 09:02:12','2022-07-28 10:31:25',6,1,'مدير النظام',67),(1658999180,'مؤمن Shift (مدير حالة)',NULL,'62e2540a80c74.jpg','a@gmail.com','0599124279',NULL,'$2y$10$8DQ8/pWcey7J8L9R9DO2mOBIYRXJ6b/hfaTzELSFy.0MlIe3Gz84m',NULL,'2022-07-28 09:06:20','2022-07-28 09:16:58',1,1,'مدير حالة',68),(1658999231,'مؤمن Shift (ميسر)',NULL,'62e254198c103.jpg','b@gmail.com','0598124279',NULL,'$2y$10$k6vaVgu.xq//FkIPaFFG6ezdGBSzBk4lJOF90OkK9bxk1UeDfONwq',NULL,'2022-07-28 09:07:11','2022-07-28 09:17:13',3,1,'ميسر',70),(1658999911,'مؤمن Shift (مشرف أخصائيين)',NULL,'62e25467c5fa7.jpg','d@gmail.com','0591124279',NULL,'$2y$10$ArPOHaSwUNpd.hRq/tl1m.eUI4neSnf8IpHRsAWmKMkIFm/rk7SpO',NULL,'2022-07-28 09:18:31','2022-07-28 09:18:31',6,1,'مشرف أخصائيين',73),(1659000008,'مؤمن Shift (أخصائي نفسي)',NULL,'\'blank.svg\'','e@gmail.com','0595124279',NULL,'$2y$10$w5djcGbVCtHdXZuYGK4eaeJZo7IFTf9NzH5NosDPzpEzTteuz4YKy',NULL,'2022-07-28 09:20:08','2022-07-28 09:20:08',2,1,NULL,69),(1659000068,'محمد Shift (اخصائي نفسي)',NULL,'\'blank.svg\'','msp@gmail.com','0597755338',NULL,'$2y$10$HYKki/G2WuxJawy8y6z..u56WmHkxdHM1ZBxf90NAecn0YIKxgU32',NULL,'2022-07-28 09:21:08','2022-07-28 09:21:08',2,1,NULL,69),(1659000091,'مؤمن Shift (أخصائي نطقي)',NULL,'\'blank.svg\'','f@gmail.com','0593124279',NULL,'$2y$10$8Zkx3diEyuXmBaL0JXGxyOWfYsx8lqFy68Q6vKb1uRGgGga0S1/tq',NULL,'2022-07-28 09:21:31','2022-07-28 09:21:31',2,1,NULL,69),(1659000187,'محمد Shift ( أخصائي نطقي)',NULL,'\'blank.svg\'','mnp@gmail.com','0598855221',NULL,'$2y$10$clVPYV2X9YYJrOLuKnoFTuVXaVNlAh7oKYiHVTLwd1efaVIpqJ6oS',NULL,'2022-07-28 09:23:07','2022-07-28 09:23:07',2,1,NULL,69),(1659001934,'تامر',NULL,'\'blank.svg\'','t1@gmail.com','0596525151',NULL,'$2y$10$neAGq4p6JoNtLe.X8w.BKeh0.zvU0/ZwyfgRRX7iYEznl2Or2O2TK',NULL,'2022-07-28 09:52:14','2022-08-01 08:14:52',2,1,NULL,69),(1659001973,'سامر',NULL,'\'blank.svg\'','t2@gmail.com','0562321154',NULL,'$2y$10$uVzAQRYPP92eIecX.1HELOhYirKawBXbO5Nqvgmm6HmPokSHuc5aG',NULL,'2022-07-28 09:52:53','2022-08-02 07:25:52',2,1,NULL,69),(1659003394,'مؤمن Shift (مشرف مدراء حالة)',NULL,'62e2621a10783.jpg','g@gmail.com','0596124279',NULL,'$2y$10$a/.Gl3XTR4IswgyULCPw5.fHjF9irsuDJED0l/mUB8.slD6bFnnDC',NULL,'2022-07-28 10:16:34','2022-07-28 10:16:58',5,1,'مشرف مدراء حالة',72),(1659258810,'مستخدم حقيقي',NULL,'62e8ceebbd112.jpg','mmsss875@gmail.com','0594124279',NULL,'$2y$10$7DuFgkKLU/DN8sMnZCFWCOMUeSI0JZWhOzILKYtVoPqxpvPxT6vZC',NULL,'2022-07-31 09:13:30','2022-08-02 07:14:51',3,0,'ميسر',70);
/*!40000 ALTER TABLE `admins` ENABLE KEYS */;
UNLOCK TABLES;

--
-- Table structure for table `migrations`
--

DROP TABLE IF EXISTS `migrations`;
/*!40101 SET @saved_cs_client     = @@character_set_client */;
/*!40101 SET character_set_client = utf8 */;
CREATE TABLE `migrations` (
  `id` int(10) unsigned NOT NULL AUTO_INCREMENT,
  `migration` varchar(255) NOT NULL,
  `batch` int(11) NOT NULL,
  PRIMARY KEY (`id`)
) ENGINE=InnoDB AUTO_INCREMENT=6 DEFAULT CHARSET=utf8;
/*!40101 SET character_set_client = @saved_cs_client */;

--
-- Dumping data for table `migrations`
--

LOCK TABLES `migrations` WRITE;
/*!40000 ALTER TABLE `migrations` DISABLE KEYS */;
INSERT INTO `migrations` VALUES (1,'2014_10_12_000000_create_users_table',1),(2,'2014_10_12_100000_create_password_resets_table',1),(3,'2019_08_19_000000_create_failed_jobs_table',1),(4,'2019_12_14_000001_create_personal_access_tokens_table',1),(5,'2022_03_30_102848_create_permission_tables',1);
/*!40000 ALTER TABLE `migrations` ENABLE KEYS */;
UNLOCK TABLES;

--
-- Table structure for table `model_has_permissions`
--

DROP TABLE IF EXISTS `model_has_permissions`;
/*!40101 SET @saved_cs_client     = @@character_set_client */;
/*!40101 SET character_set_client = utf8 */;
CREATE TABLE `model_has_permissions` (
  `permission_id` bigint(20) unsigned NOT NULL,
  `model_type` varchar(255) NOT NULL,
  `model_id` bigint(20) unsigned NOT NULL,
  PRIMARY KEY (`permission_id`,`model_id`,`model_type`),
  KEY `model_has_permissions_model_id_model_type_index` (`model_id`,`model_type`),
  CONSTRAINT `model_has_permissions_permission_id_foreign` FOREIGN KEY (`permission_id`) REFERENCES `permissions` (`id`) ON DELETE CASCADE
) ENGINE=InnoDB DEFAULT CHARSET=utf8;
/*!40101 SET character_set_client = @saved_cs_client */;

--
-- Dumping data for table `model_has_permissions`
--

LOCK TABLES `model_has_permissions` WRITE;
/*!40000 ALTER TABLE `model_has_permissions` DISABLE KEYS */;
INSERT INTO `model_has_permissions` VALUES (8,'App\\Models\\Admin',10),(20,'App\\Models\\Admin',10),(21,'App\\Models\\Admin',10),(35,'App\\Models\\Admin',10),(36,'App\\Models\\Admin',10),(37,'App\\Models\\Admin',10),(38,'App\\Models\\Admin',10),(59,'App\\Models\\Admin',10),(60,'App\\Models\\Admin',10),(61,'App\\Models\\Admin',10),(62,'App\\Models\\Admin',10),(159,'App\\Models\\Admin',10),(160,'App\\Models\\Admin',10),(161,'App\\Models\\Admin',10),(162,'App\\Models\\Admin',10),(177,'App\\Models\\Admin',10),(177,'App\\Models\\Admin',1658997219),(177,'App\\Models\\Admin',1658997254),(177,'App\\Models\\Admin',1658997329),(177,'App\\Models\\Admin',1658997357),(177,'App\\Models\\Admin',1658998057),(177,'App\\Models\\Admin',1658998279),(177,'App\\Models\\Admin',1658998787),(177,'App\\Models\\Admin',1658999180),(177,'App\\Models\\Admin',1658999231),(177,'App\\Models\\Admin',1659000008),(177,'App\\Models\\Admin',1659000068),(177,'App\\Models\\Admin',1659000091),(177,'App\\Models\\Admin',1659000187),(177,'App\\Models\\Admin',1659001934),(177,'App\\Models\\Admin',1659001973),(177,'App\\Models\\Admin',1659003394),(177,'App\\Models\\Admin',1659258810),(178,'App\\Models\\Admin',10),(178,'App\\Models\\Admin',1658997219),(178,'App\\Models\\Admin',1658997254),(178,'App\\Models\\Admin',1658997329),(178,'App\\Models\\Admin',1658997357),(178,'App\\Models\\Admin',1658998057),(178,'App\\Models\\Admin',1658998279),(178,'App\\Models\\Admin',1658998787),(178,'App\\Models\\Admin',1658999180),(178,'App\\Models\\Admin',1658999231),(178,'App\\Models\\Admin',1659000008),(178,'App\\Models\\Admin',1659000068),(178,'App\\Models\\Admin',1659000091),(178,'App\\Models\\Admin',1659000187),(178,'App\\Models\\Admin',1659001934),(178,'App\\Models\\Admin',1659001973),(178,'App\\Models\\Admin',1659003394),(178,'App\\Models\\Admin',1659258810),(179,'App\\Models\\Admin',10),(179,'App\\Models\\Admin',1658997254),(179,'App\\Models\\Admin',1658997329),(179,'App\\Models\\Admin',1658997357),(179,'App\\Models\\Admin',1658998057),(179,'App\\Models\\Admin',1658998279),(179,'App\\Models\\Admin',1658999180),(179,'App\\Models\\Admin',1658999231),(179,'App\\Models\\Admin',1659000008),(179,'App\\Models\\Admin',1659000068),(179,'App\\Models\\Admin',1659000091),(179,'App\\Models\\Admin',1659000187),(179,'App\\Models\\Admin',1659001934),(179,'App\\Models\\Admin',1659001973),(179,'App\\Models\\Admin',1659258810),(180,'App\\Models\\Admin',10),(180,'App\\Models\\Admin',1658997219),(180,'App\\Models\\Admin',1658997254),(180,'App\\Models\\Admin',1658997329),(180,'App\\Models\\Admin',1658997357),(180,'App\\Models\\Admin',1658998057),(180,'App\\Models\\Admin',1658998279),(180,'App\\Models\\Admin',1658998787),(180,'App\\Models\\Admin',1658999180),(180,'App\\Models\\Admin',1658999231),(180,'App\\Models\\Admin',1659000008),(180,'App\\Models\\Admin',1659000068),(180,'App\\Models\\Admin',1659000091),(180,'App\\Models\\Admin',1659000187),(180,'App\\Models\\Admin',1659001934),(180,'App\\Models\\Admin',1659001973),(180,'App\\Models\\Admin',1659003394),(180,'App\\Models\\Admin',1659258810),(181,'App\\Models\\Admin',10),(181,'App\\Models\\Admin',1658997254),(181,'App\\Models\\Admin',1658997329),(181,'App\\Models\\Admin',1658997357),(181,'App\\Models\\Admin',1658998057),(181,'App\\Models\\Admin',1658998279),(181,'App\\Models\\Admin',1658999180),(181,'App\\Models\\Admin',1658999231),(181,'App\\Models\\Admin',1659000008),(181,'App\\Models\\Admin',1659000068),(181,'App\\Models\\Admin',1659000091),(181,'App\\Models\\Admin',1659000187),(181,'App\\Models\\Admin',1659001934),(181,'App\\Models\\Admin',1659001973),(181,'App\\Models\\Admin',1659258810),(182,'App\\Models\\Admin',10),(182,'App\\Models\\Admin',1658997219),(182,'App\\Models\\Admin',1658997254),(182,'App\\Models\\Admin',1658997357),(182,'App\\Models\\Admin',1658998057),(182,'App\\Models\\Admin',1658998787),(182,'App\\Models\\Admin',1658999180),(182,'App\\Models\\Admin',1659003394),(183,'App\\Models\\Admin',10),(183,'App\\Models\\Admin',1658997254),(183,'App\\Models\\Admin',1658997357),(183,'App\\Models\\Admin',1658998057),(183,'App\\Models\\Admin',1658999180),(184,'App\\Models\\Admin',10),(184,'App\\Models\\Admin',1658997254),(184,'App\\Models\\Admin',1658997357),(184,'App\\Models\\Admin',1658998057),(184,'App\\Models\\Admin',1658999180),(185,'App\\Models\\Admin',10),(185,'App\\Models\\Admin',1658997219),(185,'App\\Models\\Admin',1658997254),(185,'App\\Models\\Admin',1658997357),(185,'App\\Models\\Admin',1658998057),(185,'App\\Models\\Admin',1658998787),(185,'App\\Models\\Admin',1658999180),(185,'App\\Models\\Admin',1659003394),(186,'App\\Models\\Admin',10),(186,'App\\Models\\Admin',1658997219),(186,'App\\Models\\Admin',1658997254),(186,'App\\Models\\Admin',1658997357),(186,'App\\Models\\Admin',1658998057),(186,'App\\Models\\Admin',1658998787),(186,'App\\Models\\Admin',1658999180),(186,'App\\Models\\Admin',1659003394),(187,'App\\Models\\Admin',10),(187,'App\\Models\\Admin',1658997219),(187,'App\\Models\\Admin',1658997254),(187,'App\\Models\\Admin',1658997357),(187,'App\\Models\\Admin',1658998057),(187,'App\\Models\\Admin',1658998787),(187,'App\\Models\\Admin',1658999180),(187,'App\\Models\\Admin',1659003394),(188,'App\\Models\\Admin',10),(188,'App\\Models\\Admin',1658997254),(188,'App\\Models\\Admin',1658997357),(188,'App\\Models\\Admin',1658998057),(188,'App\\Models\\Admin',1658999180),(189,'App\\Models\\Admin',10),(189,'App\\Models\\Admin',1658997254),(189,'App\\Models\\Admin',1658997357),(189,'App\\Models\\Admin',1658998057),(189,'App\\Models\\Admin',1658999180),(190,'App\\Models\\Admin',10),(190,'App\\Models\\Admin',1658997219),(190,'App\\Models\\Admin',1658997254),(190,'App\\Models\\Admin',1658997357),(190,'App\\Models\\Admin',1658998057),(190,'App\\Models\\Admin',1658998787),(190,'App\\Models\\Admin',1658999180),(190,'App\\Models\\Admin',1659003394),(191,'App\\Models\\Admin',10),(191,'App\\Models\\Admin',1658997219),(191,'App\\Models\\Admin',1658997254),(191,'App\\Models\\Admin',1658997357),(191,'App\\Models\\Admin',1658998057),(191,'App\\Models\\Admin',1658998787),(191,'App\\Models\\Admin',1658999180),(191,'App\\Models\\Admin',1659003394),(192,'App\\Models\\Admin',10),(192,'App\\Models\\Admin',1658997219),(192,'App\\Models\\Admin',1658997254),(192,'App\\Models\\Admin',1658997357),(192,'App\\Models\\Admin',1658998057),(192,'App\\Models\\Admin',1658998787),(192,'App\\Models\\Admin',1658999180),(192,'App\\Models\\Admin',1659003394),(193,'App\\Models\\Admin',10),(193,'App\\Models\\Admin',1658997219),(193,'App\\Models\\Admin',1658997254),(193,'App\\Models\\Admin',1658997357),(193,'App\\Models\\Admin',1658998057),(193,'App\\Models\\Admin',1658998787),(193,'App\\Models\\Admin',1658999180),(193,'App\\Models\\Admin',1659003394),(194,'App\\Models\\Admin',10),(194,'App\\Models\\Admin',1658997254),(194,'App\\Models\\Admin',1658997357),(194,'App\\Models\\Admin',1658998057),(194,'App\\Models\\Admin',1658999180),(195,'App\\Models\\Admin',10),(195,'App\\Models\\Admin',1658997254),(195,'App\\Models\\Admin',1658997357),(195,'App\\Models\\Admin',1658998057),(195,'App\\Models\\Admin',1658999180),(196,'App\\Models\\Admin',10),(196,'App\\Models\\Admin',1658997219),(196,'App\\Models\\Admin',1658997254),(196,'App\\Models\\Admin',1658997357),(196,'App\\Models\\Admin',1658998057),(196,'App\\Models\\Admin',1658998787),(196,'App\\Models\\Admin',1658999180),(196,'App\\Models\\Admin',1659003394),(197,'App\\Models\\Admin',10),(197,'App\\Models\\Admin',1658997219),(197,'App\\Models\\Admin',1658997254),(197,'App\\Models\\Admin',1658997357),(197,'App\\Models\\Admin',1658998057),(197,'App\\Models\\Admin',1658998787),(197,'App\\Models\\Admin',1658999180),(197,'App\\Models\\Admin',1659003394),(198,'App\\Models\\Admin',10),(198,'App\\Models\\Admin',1658997219),(198,'App\\Models\\Admin',1658997254),(198,'App\\Models\\Admin',1658997357),(198,'App\\Models\\Admin',1658998057),(198,'App\\Models\\Admin',1658998787),(198,'App\\Models\\Admin',1658999180),(198,'App\\Models\\Admin',1659003394),(199,'App\\Models\\Admin',10),(199,'App\\Models\\Admin',1658997254),(199,'App\\Models\\Admin',1658997357),(199,'App\\Models\\Admin',1658998057),(199,'App\\Models\\Admin',1658999180),(200,'App\\Models\\Admin',10),(200,'App\\Models\\Admin',1658997254),(200,'App\\Models\\Admin',1658997357),(200,'App\\Models\\Admin',1658998057),(200,'App\\Models\\Admin',1658999180),(201,'App\\Models\\Admin',10),(201,'App\\Models\\Admin',1658997219),(201,'App\\Models\\Admin',1658997254),(201,'App\\Models\\Admin',1658997357),(201,'App\\Models\\Admin',1658998057),(201,'App\\Models\\Admin',1658998787),(201,'App\\Models\\Admin',1658999180),(201,'App\\Models\\Admin',1659003394),(202,'App\\Models\\Admin',10),(202,'App\\Models\\Admin',1658997219),(202,'App\\Models\\Admin',1658997254),(202,'App\\Models\\Admin',1658997357),(202,'App\\Models\\Admin',1658998057),(202,'App\\Models\\Admin',1658998787),(202,'App\\Models\\Admin',1658999180),(202,'App\\Models\\Admin',1659003394),(203,'App\\Models\\Admin',10),(203,'App\\Models\\Admin',1658997254),(203,'App\\Models\\Admin',1658997357),(203,'App\\Models\\Admin',1658998057),(203,'App\\Models\\Admin',1658999180),(204,'App\\Models\\Admin',10),(204,'App\\Models\\Admin',1658997219),(204,'App\\Models\\Admin',1658997254),(204,'App\\Models\\Admin',1658997357),(204,'App\\Models\\Admin',1658998057),(204,'App\\Models\\Admin',1658998787),(204,'App\\Models\\Admin',1658999180),(204,'App\\Models\\Admin',1659003394),(205,'App\\Models\\Admin',10),(205,'App\\Models\\Admin',1658997254),(205,'App\\Models\\Admin',1658997357),(205,'App\\Models\\Admin',1658998057),(205,'App\\Models\\Admin',1658999180),(206,'App\\Models\\Admin',10),(206,'App\\Models\\Admin',1658997219),(206,'App\\Models\\Admin',1658997254),(206,'App\\Models\\Admin',1658997357),(206,'App\\Models\\Admin',1658998057),(206,'App\\Models\\Admin',1658998787),(206,'App\\Models\\Admin',1658999180),(206,'App\\Models\\Admin',1659003394),(207,'App\\Models\\Admin',10),(207,'App\\Models\\Admin',1658997219),(207,'App\\Models\\Admin',1658997254),(207,'App\\Models\\Admin',1658997357),(207,'App\\Models\\Admin',1658998057),(207,'App\\Models\\Admin',1658998787),(207,'App\\Models\\Admin',1658999180),(207,'App\\Models\\Admin',1659003394),(208,'App\\Models\\Admin',10),(208,'App\\Models\\Admin',1658997254),(208,'App\\Models\\Admin',1658997357),(208,'App\\Models\\Admin',1658998057),(208,'App\\Models\\Admin',1658999180),(209,'App\\Models\\Admin',10),(209,'App\\Models\\Admin',1658997219),(209,'App\\Models\\Admin',1658997254),(209,'App\\Models\\Admin',1658997357),(209,'App\\Models\\Admin',1658998057),(209,'App\\Models\\Admin',1658998787),(209,'App\\Models\\Admin',1658999180),(209,'App\\Models\\Admin',1659003394),(210,'App\\Models\\Admin',10),(210,'App\\Models\\Admin',1658997254),(210,'App\\Models\\Admin',1658997357),(210,'App\\Models\\Admin',1658998057),(210,'App\\Models\\Admin',1658999180),(211,'App\\Models\\Admin',10),(211,'App\\Models\\Admin',1658997219),(211,'App\\Models\\Admin',1658997254),(211,'App\\Models\\Admin',1658997357),(211,'App\\Models\\Admin',1658998057),(211,'App\\Models\\Admin',1658998787),(211,'App\\Models\\Admin',1658999180),(211,'App\\Models\\Admin',1659003394),(212,'App\\Models\\Admin',10),(212,'App\\Models\\Admin',1658997254),(212,'App\\Models\\Admin',1658997357),(212,'App\\Models\\Admin',1658998057),(212,'App\\Models\\Admin',1658999180),(213,'App\\Models\\Admin',10),(213,'App\\Models\\Admin',1658997254),(213,'App\\Models\\Admin',1658997357),(213,'App\\Models\\Admin',1658998057),(213,'App\\Models\\Admin',1658999180),(214,'App\\Models\\Admin',10),(214,'App\\Models\\Admin',1658997219),(214,'App\\Models\\Admin',1658997254),(214,'App\\Models\\Admin',1658997357),(214,'App\\Models\\Admin',1658998057),(214,'App\\Models\\Admin',1658998787),(214,'App\\Models\\Admin',1658999180),(214,'App\\Models\\Admin',1659003394),(215,'App\\Models\\Admin',10),(215,'App\\Models\\Admin',1658997219),(215,'App\\Models\\Admin',1658997254),(215,'App\\Models\\Admin',1658997357),(215,'App\\Models\\Admin',1658998057),(215,'App\\Models\\Admin',1658998787),(215,'App\\Models\\Admin',1658999180),(215,'App\\Models\\Admin',1659003394),(216,'App\\Models\\Admin',10),(216,'App\\Models\\Admin',1658997219),(216,'App\\Models\\Admin',1658997254),(216,'App\\Models\\Admin',1658997357),(216,'App\\Models\\Admin',1658998057),(216,'App\\Models\\Admin',1658998787),(216,'App\\Models\\Admin',1658999180),(216,'App\\Models\\Admin',1659003394),(217,'App\\Models\\Admin',10),(217,'App\\Models\\Admin',1658997219),(217,'App\\Models\\Admin',1658997254),(217,'App\\Models\\Admin',1658997357),(217,'App\\Models\\Admin',1658998057),(217,'App\\Models\\Admin',1658998787),(217,'App\\Models\\Admin',1658999180),(217,'App\\Models\\Admin',1659003394),(218,'App\\Models\\Admin',10),(218,'App\\Models\\Admin',1658997254),(218,'App\\Models\\Admin',1658997357),(218,'App\\Models\\Admin',1658998057),(218,'App\\Models\\Admin',1658999180),(219,'App\\Models\\Admin',10),(219,'App\\Models\\Admin',1658997254),(219,'App\\Models\\Admin',1658997357),(219,'App\\Models\\Admin',1658998057),(219,'App\\Models\\Admin',1658999180),(220,'App\\Models\\Admin',10),(220,'App\\Models\\Admin',1658997219),(220,'App\\Models\\Admin',1658997254),(220,'App\\Models\\Admin',1658997357),(220,'App\\Models\\Admin',1658998057),(220,'App\\Models\\Admin',1658998787),(220,'App\\Models\\Admin',1658999180),(220,'App\\Models\\Admin',1659003394),(221,'App\\Models\\Admin',10),(221,'App\\Models\\Admin',1658997219),(221,'App\\Models\\Admin',1658997254),(221,'App\\Models\\Admin',1658997357),(221,'App\\Models\\Admin',1658998057),(221,'App\\Models\\Admin',1658998787),(221,'App\\Models\\Admin',1658999180),(221,'App\\Models\\Admin',1659003394),(222,'App\\Models\\Admin',10),(222,'App\\Models\\Admin',1658997219),(222,'App\\Models\\Admin',1658997254),(222,'App\\Models\\Admin',1658997357),(222,'App\\Models\\Admin',1658998057),(222,'App\\Models\\Admin',1658998787),(222,'App\\Models\\Admin',1658999180),(222,'App\\Models\\Admin',1659003394),(223,'App\\Models\\Admin',10),(223,'App\\Models\\Admin',1658997254),(223,'App\\Models\\Admin',1658997357),(223,'App\\Models\\Admin',1658998057),(223,'App\\Models\\Admin',1658999180),(224,'App\\Models\\Admin',10),(224,'App\\Models\\Admin',1658997254),(224,'App\\Models\\Admin',1658997357),(224,'App\\Models\\Admin',1658998057),(224,'App\\Models\\Admin',1658999180),(225,'App\\Models\\Admin',10),(225,'App\\Models\\Admin',1658997219),(225,'App\\Models\\Admin',1658997254),(225,'App\\Models\\Admin',1658997357),(225,'App\\Models\\Admin',1658998057),(225,'App\\Models\\Admin',1658998787),(225,'App\\Models\\Admin',1658999180),(225,'App\\Models\\Admin',1659003394),(226,'App\\Models\\Admin',10),(226,'App\\Models\\Admin',1658997219),(226,'App\\Models\\Admin',1658997254),(226,'App\\Models\\Admin',1658997357),(226,'App\\Models\\Admin',1658998057),(226,'App\\Models\\Admin',1658998787),(226,'App\\Models\\Admin',1658999180),(226,'App\\Models\\Admin',1659003394),(227,'App\\Models\\Admin',10),(227,'App\\Models\\Admin',1658997219),(227,'App\\Models\\Admin',1658997254),(227,'App\\Models\\Admin',1658997357),(227,'App\\Models\\Admin',1658998057),(227,'App\\Models\\Admin',1658998787),(227,'App\\Models\\Admin',1658999180),(227,'App\\Models\\Admin',1659003394),(228,'App\\Models\\Admin',10),(228,'App\\Models\\Admin',1658997254),(228,'App\\Models\\Admin',1658997357),(228,'App\\Models\\Admin',1658998057),(228,'App\\Models\\Admin',1658999180),(229,'App\\Models\\Admin',10),(229,'App\\Models\\Admin',1658997254),(229,'App\\Models\\Admin',1658997357),(229,'App\\Models\\Admin',1658998057),(229,'App\\Models\\Admin',1658999180),(230,'App\\Models\\Admin',10),(230,'App\\Models\\Admin',1658997219),(230,'App\\Models\\Admin',1658997254),(230,'App\\Models\\Admin',1658997357),(230,'App\\Models\\Admin',1658998057),(230,'App\\Models\\Admin',1658998787),(230,'App\\Models\\Admin',1658999180),(230,'App\\Models\\Admin',1659003394),(231,'App\\Models\\Admin',10),(231,'App\\Models\\Admin',1658997219),(231,'App\\Models\\Admin',1658997254),(231,'App\\Models\\Admin',1658997357),(231,'App\\Models\\Admin',1658998057),(231,'App\\Models\\Admin',1658998787),(231,'App\\Models\\Admin',1658999180),(231,'App\\Models\\Admin',1659003394),(232,'App\\Models\\Admin',10),(233,'App\\Models\\Admin',10),(234,'App\\Models\\Admin',10),(235,'App\\Models\\Admin',10),(236,'App\\Models\\Admin',10),(237,'App\\Models\\Admin',10),(237,'App\\Models\\Admin',1658997219),(237,'App\\Models\\Admin',1658997254),(237,'App\\Models\\Admin',1658997357),(237,'App\\Models\\Admin',1658998057),(237,'App\\Models\\Admin',1658998787),(237,'App\\Models\\Admin',1658999180),(237,'App\\Models\\Admin',1659003394),(238,'App\\Models\\Admin',10),(238,'App\\Models\\Admin',1658997254),(238,'App\\Models\\Admin',1658997357),(238,'App\\Models\\Admin',1658998057),(238,'App\\Models\\Admin',1658999180),(239,'App\\Models\\Admin',10),(239,'App\\Models\\Admin',1658997254),(239,'App\\Models\\Admin',1658997357),(239,'App\\Models\\Admin',1658998057),(239,'App\\Models\\Admin',1658999180),(240,'App\\Models\\Admin',10),(240,'App\\Models\\Admin',1658997219),(240,'App\\Models\\Admin',1658997254),(240,'App\\Models\\Admin',1658997357),(240,'App\\Models\\Admin',1658998057),(240,'App\\Models\\Admin',1658998787),(240,'App\\Models\\Admin',1658999180),(240,'App\\Models\\Admin',1659003394),(241,'App\\Models\\Admin',10),(241,'App\\Models\\Admin',1658997219),(241,'App\\Models\\Admin',1658997254),(241,'App\\Models\\Admin',1658997357),(241,'App\\Models\\Admin',1658998057),(241,'App\\Models\\Admin',1658998787),(241,'App\\Models\\Admin',1658999180),(241,'App\\Models\\Admin',1659003394),(242,'App\\Models\\Admin',10),(242,'App\\Models\\Admin',1658997219),(242,'App\\Models\\Admin',1658997254),(242,'App\\Models\\Admin',1658997357),(242,'App\\Models\\Admin',1658998057),(242,'App\\Models\\Admin',1658998787),(242,'App\\Models\\Admin',1658999180),(242,'App\\Models\\Admin',1659003394),(243,'App\\Models\\Admin',10),(243,'App\\Models\\Admin',1658997254),(243,'App\\Models\\Admin',1658997357),(243,'App\\Models\\Admin',1658998057),(243,'App\\Models\\Admin',1658999180),(244,'App\\Models\\Admin',10),(244,'App\\Models\\Admin',1658997219),(244,'App\\Models\\Admin',1658997254),(244,'App\\Models\\Admin',1658997357),(244,'App\\Models\\Admin',1658998057),(244,'App\\Models\\Admin',1658998787),(244,'App\\Models\\Admin',1658999180),(244,'App\\Models\\Admin',1659003394),(245,'App\\Models\\Admin',10),(245,'App\\Models\\Admin',1658997254),(245,'App\\Models\\Admin',1658997357),(245,'App\\Models\\Admin',1658998057),(245,'App\\Models\\Admin',1658999180),(246,'App\\Models\\Admin',10),(246,'App\\Models\\Admin',1658997219),(246,'App\\Models\\Admin',1658997254),(246,'App\\Models\\Admin',1658997357),(246,'App\\Models\\Admin',1658998057),(246,'App\\Models\\Admin',1658998787),(246,'App\\Models\\Admin',1658999180),(246,'App\\Models\\Admin',1659003394),(247,'App\\Models\\Admin',10),(247,'App\\Models\\Admin',1658997219),(247,'App\\Models\\Admin',1658997254),(247,'App\\Models\\Admin',1658997357),(247,'App\\Models\\Admin',1658998057),(247,'App\\Models\\Admin',1658998787),(247,'App\\Models\\Admin',1658999180),(247,'App\\Models\\Admin',1659003394),(248,'App\\Models\\Admin',10),(248,'App\\Models\\Admin',1658997254),(248,'App\\Models\\Admin',1658997357),(248,'App\\Models\\Admin',1658998057),(248,'App\\Models\\Admin',1658999180),(249,'App\\Models\\Admin',10),(249,'App\\Models\\Admin',1658997254),(249,'App\\Models\\Admin',1658997357),(249,'App\\Models\\Admin',1658998057),(249,'App\\Models\\Admin',1658999180),(250,'App\\Models\\Admin',10),(250,'App\\Models\\Admin',1658997219),(250,'App\\Models\\Admin',1658997254),(250,'App\\Models\\Admin',1658997357),(250,'App\\Models\\Admin',1658998057),(250,'App\\Models\\Admin',1658998787),(250,'App\\Models\\Admin',1658999180),(250,'App\\Models\\Admin',1659003394),(251,'App\\Models\\Admin',10),(251,'App\\Models\\Admin',1658997219),(251,'App\\Models\\Admin',1658997254),(251,'App\\Models\\Admin',1658997357),(251,'App\\Models\\Admin',1658998057),(251,'App\\Models\\Admin',1658998787),(251,'App\\Models\\Admin',1658999180),(251,'App\\Models\\Admin',1659003394),(252,'App\\Models\\Admin',10),(252,'App\\Models\\Admin',1659000008),(252,'App\\Models\\Admin',1659000068),(252,'App\\Models\\Admin',1659000091),(252,'App\\Models\\Admin',1659000187),(252,'App\\Models\\Admin',1659001934),(252,'App\\Models\\Admin',1659001973),(253,'App\\Models\\Admin',10),(253,'App\\Models\\Admin',1658997171),(253,'App\\Models\\Admin',1658998932),(253,'App\\Models\\Admin',1658999911),(253,'App\\Models\\Admin',1659000008),(253,'App\\Models\\Admin',1659000068),(253,'App\\Models\\Admin',1659000091),(253,'App\\Models\\Admin',1659000187),(253,'App\\Models\\Admin',1659001934),(253,'App\\Models\\Admin',1659001973),(254,'App\\Models\\Admin',10),(254,'App\\Models\\Admin',1658997171),(254,'App\\Models\\Admin',1658998932),(254,'App\\Models\\Admin',1658999911),(254,'App\\Models\\Admin',1659000008),(254,'App\\Models\\Admin',1659000068),(254,'App\\Models\\Admin',1659000091),(254,'App\\Models\\Admin',1659000187),(254,'App\\Models\\Admin',1659001934),(254,'App\\Models\\Admin',1659001973),(255,'App\\Models\\Admin',10),(255,'App\\Models\\Admin',1658997171),(255,'App\\Models\\Admin',1658998932),(255,'App\\Models\\Admin',1658999911),(255,'App\\Models\\Admin',1659000008),(255,'App\\Models\\Admin',1659000068),(255,'App\\Models\\Admin',1659000091),(255,'App\\Models\\Admin',1659000187),(255,'App\\Models\\Admin',1659001934),(255,'App\\Models\\Admin',1659001973),(256,'App\\Models\\Admin',10),(256,'App\\Models\\Admin',1658997171),(256,'App\\Models\\Admin',1658998932),(256,'App\\Models\\Admin',1658999911),(256,'App\\Models\\Admin',1659000008),(256,'App\\Models\\Admin',1659000068),(256,'App\\Models\\Admin',1659000091),(256,'App\\Models\\Admin',1659000187),(256,'App\\Models\\Admin',1659001934),(256,'App\\Models\\Admin',1659001973),(257,'App\\Models\\Admin',10),(257,'App\\Models\\Admin',1658997171),(257,'App\\Models\\Admin',1658998932),(257,'App\\Models\\Admin',1658999911),(257,'App\\Models\\Admin',1659000008),(257,'App\\Models\\Admin',1659000068),(257,'App\\Models\\Admin',1659000091),(257,'App\\Models\\Admin',1659000187),(257,'App\\Models\\Admin',1659001934),(257,'App\\Models\\Admin',1659001973),(258,'App\\Models\\Admin',10),(258,'App\\Models\\Admin',1658997171),(258,'App\\Models\\Admin',1658998932),(258,'App\\Models\\Admin',1658999911),(258,'App\\Models\\Admin',1659000008),(258,'App\\Models\\Admin',1659000068),(258,'App\\Models\\Admin',1659000091),(258,'App\\Models\\Admin',1659000187),(258,'App\\Models\\Admin',1659001934),(258,'App\\Models\\Admin',1659001973),(259,'App\\Models\\Admin',10),(259,'App\\Models\\Admin',1658997219),(259,'App\\Models\\Admin',1658997254),(259,'App\\Models\\Admin',1658997357),(259,'App\\Models\\Admin',1658998057),(259,'App\\Models\\Admin',1658998787),(259,'App\\Models\\Admin',1658999180),(259,'App\\Models\\Admin',1659003394),(261,'App\\Models\\Admin',10),(261,'App\\Models\\Admin',1659000008),(261,'App\\Models\\Admin',1659000068),(261,'App\\Models\\Admin',1659000091),(261,'App\\Models\\Admin',1659000187),(261,'App\\Models\\Admin',1659001934),(261,'App\\Models\\Admin',1659001973),(262,'App\\Models\\Admin',10),(262,'App\\Models\\Admin',1659000008),(262,'App\\Models\\Admin',1659000068),(262,'App\\Models\\Admin',1659000091),(262,'App\\Models\\Admin',1659000187),(262,'App\\Models\\Admin',1659001934),(262,'App\\Models\\Admin',1659001973),(263,'App\\Models\\Admin',10),(263,'App\\Models\\Admin',1659000008),(263,'App\\Models\\Admin',1659000068),(263,'App\\Models\\Admin',1659000091),(263,'App\\Models\\Admin',1659000187),(263,'App\\Models\\Admin',1659001934),(263,'App\\Models\\Admin',1659001973),(264,'App\\Models\\Admin',10),(264,'App\\Models\\Admin',1659000008),(264,'App\\Models\\Admin',1659000068),(264,'App\\Models\\Admin',1659000091),(264,'App\\Models\\Admin',1659000187),(264,'App\\Models\\Admin',1659001934),(264,'App\\Models\\Admin',1659001973),(265,'App\\Models\\Admin',10),(265,'App\\Models\\Admin',1659000008),(265,'App\\Models\\Admin',1659000068),(265,'App\\Models\\Admin',1659000091),(265,'App\\Models\\Admin',1659000187),(265,'App\\Models\\Admin',1659001934),(265,'App\\Models\\Admin',1659001973),(266,'App\\Models\\Admin',10),(266,'App\\Models\\Admin',1659000008),(266,'App\\Models\\Admin',1659000068),(266,'App\\Models\\Admin',1659000091),(266,'App\\Models\\Admin',1659000187),(266,'App\\Models\\Admin',1659001934),(266,'App\\Models\\Admin',1659001973),(267,'App\\Models\\Admin',10),(267,'App\\Models\\Admin',1659000008),(267,'App\\Models\\Admin',1659000068),(267,'App\\Models\\Admin',1659000091),(267,'App\\Models\\Admin',1659000187),(267,'App\\Models\\Admin',1659001934),(267,'App\\Models\\Admin',1659001973),(268,'App\\Models\\Admin',10),(268,'App\\Models\\Admin',1658997171),(268,'App\\Models\\Admin',1658998932),(268,'App\\Models\\Admin',1658999911),(268,'App\\Models\\Admin',1659000008),(268,'App\\Models\\Admin',1659000068),(268,'App\\Models\\Admin',1659000091),(268,'App\\Models\\Admin',1659000187),(268,'App\\Models\\Admin',1659001934),(268,'App\\Models\\Admin',1659001973),(269,'App\\Models\\Admin',10),(269,'App\\Models\\Admin',1659000008),(269,'App\\Models\\Admin',1659000068),(269,'App\\Models\\Admin',1659000091),(269,'App\\Models\\Admin',1659000187),(269,'App\\Models\\Admin',1659001934),(269,'App\\Models\\Admin',1659001973),(270,'App\\Models\\Admin',10),(270,'App\\Models\\Admin',1659000008),(270,'App\\Models\\Admin',1659000068),(270,'App\\Models\\Admin',1659000091),(270,'App\\Models\\Admin',1659000187),(270,'App\\Models\\Admin',1659001934),(270,'App\\Models\\Admin',1659001973),(271,'App\\Models\\Admin',10),(271,'App\\Models\\Admin',1659000008),(271,'App\\Models\\Admin',1659000068),(271,'App\\Models\\Admin',1659000091),(271,'App\\Models\\Admin',1659000187),(271,'App\\Models\\Admin',1659001934),(271,'App\\Models\\Admin',1659001973),(272,'App\\Models\\Admin',10),(272,'App\\Models\\Admin',1658997171),(272,'App\\Models\\Admin',1658998932),(272,'App\\Models\\Admin',1658999911),(272,'App\\Models\\Admin',1659000008),(272,'App\\Models\\Admin',1659000068),(272,'App\\Models\\Admin',1659000091),(272,'App\\Models\\Admin',1659000187),(272,'App\\Models\\Admin',1659001934),(272,'App\\Models\\Admin',1659001973),(273,'App\\Models\\Admin',10),(273,'App\\Models\\Admin',1659000008),(273,'App\\Models\\Admin',1659000068),(273,'App\\Models\\Admin',1659000091),(273,'App\\Models\\Admin',1659000187),(273,'App\\Models\\Admin',1659001934),(273,'App\\Models\\Admin',1659001973),(274,'App\\Models\\Admin',10),(274,'App\\Models\\Admin',1659000008),(274,'App\\Models\\Admin',1659000068),(274,'App\\Models\\Admin',1659000091),(274,'App\\Models\\Admin',1659000187),(274,'App\\Models\\Admin',1659001934),(274,'App\\Models\\Admin',1659001973),(275,'App\\Models\\Admin',10),(275,'App\\Models\\Admin',1659000008),(275,'App\\Models\\Admin',1659000068),(275,'App\\Models\\Admin',1659000091),(275,'App\\Models\\Admin',1659000187),(275,'App\\Models\\Admin',1659001934),(275,'App\\Models\\Admin',1659001973),(276,'App\\Models\\Admin',10),(276,'App\\Models\\Admin',1658997171),(276,'App\\Models\\Admin',1658998932),(276,'App\\Models\\Admin',1658999911),(276,'App\\Models\\Admin',1659000008),(276,'App\\Models\\Admin',1659000068),(276,'App\\Models\\Admin',1659000091),(276,'App\\Models\\Admin',1659000187),(276,'App\\Models\\Admin',1659001934),(276,'App\\Models\\Admin',1659001973),(277,'App\\Models\\Admin',10),(277,'App\\Models\\Admin',1659000008),(277,'App\\Models\\Admin',1659000068),(277,'App\\Models\\Admin',1659000091),(277,'App\\Models\\Admin',1659000187),(277,'App\\Models\\Admin',1659001934),(277,'App\\Models\\Admin',1659001973),(278,'App\\Models\\Admin',10),(278,'App\\Models\\Admin',1659000008),(278,'App\\Models\\Admin',1659000068),(278,'App\\Models\\Admin',1659000091),(278,'App\\Models\\Admin',1659000187),(278,'App\\Models\\Admin',1659001934),(278,'App\\Models\\Admin',1659001973),(279,'App\\Models\\Admin',10),(279,'App\\Models\\Admin',1659000008),(279,'App\\Models\\Admin',1659000068),(279,'App\\Models\\Admin',1659000091),(279,'App\\Models\\Admin',1659000187),(279,'App\\Models\\Admin',1659001934),(279,'App\\Models\\Admin',1659001973),(280,'App\\Models\\Admin',10),(280,'App\\Models\\Admin',1658997171),(280,'App\\Models\\Admin',1658998932),(280,'App\\Models\\Admin',1658999911),(280,'App\\Models\\Admin',1659000008),(280,'App\\Models\\Admin',1659000068),(280,'App\\Models\\Admin',1659000091),(280,'App\\Models\\Admin',1659000187),(280,'App\\Models\\Admin',1659001934),(280,'App\\Models\\Admin',1659001973),(281,'App\\Models\\Admin',10),(281,'App\\Models\\Admin',1659000008),(281,'App\\Models\\Admin',1659000068),(281,'App\\Models\\Admin',1659000091),(281,'App\\Models\\Admin',1659000187),(281,'App\\Models\\Admin',1659001934),(281,'App\\Models\\Admin',1659001973),(282,'App\\Models\\Admin',10),(282,'App\\Models\\Admin',1659000008),(282,'App\\Models\\Admin',1659000068),(282,'App\\Models\\Admin',1659000091),(282,'App\\Models\\Admin',1659000187),(282,'App\\Models\\Admin',1659001934),(282,'App\\Models\\Admin',1659001973),(283,'App\\Models\\Admin',10),(283,'App\\Models\\Admin',1659000008),(283,'App\\Models\\Admin',1659000068),(283,'App\\Models\\Admin',1659000091),(283,'App\\Models\\Admin',1659000187),(283,'App\\Models\\Admin',1659001934),(283,'App\\Models\\Admin',1659001973),(284,'App\\Models\\Admin',10),(284,'App\\Models\\Admin',1658997171),(284,'App\\Models\\Admin',1658998932),(284,'App\\Models\\Admin',1658999911),(284,'App\\Models\\Admin',1659000008),(284,'App\\Models\\Admin',1659000068),(284,'App\\Models\\Admin',1659000091),(284,'App\\Models\\Admin',1659000187),(284,'App\\Models\\Admin',1659001934),(284,'App\\Models\\Admin',1659001973),(285,'App\\Models\\Admin',10),(285,'App\\Models\\Admin',1659000008),(285,'App\\Models\\Admin',1659000068),(285,'App\\Models\\Admin',1659000091),(285,'App\\Models\\Admin',1659000187),(285,'App\\Models\\Admin',1659001934),(285,'App\\Models\\Admin',1659001973),(286,'App\\Models\\Admin',10),(286,'App\\Models\\Admin',1659000008),(286,'App\\Models\\Admin',1659000068),(286,'App\\Models\\Admin',1659000091),(286,'App\\Models\\Admin',1659000187),(286,'App\\Models\\Admin',1659001934),(286,'App\\Models\\Admin',1659001973),(287,'App\\Models\\Admin',10),(287,'App\\Models\\Admin',1659000008),(287,'App\\Models\\Admin',1659000068),(287,'App\\Models\\Admin',1659000091),(287,'App\\Models\\Admin',1659000187),(287,'App\\Models\\Admin',1659001934),(287,'App\\Models\\Admin',1659001973),(288,'App\\Models\\Admin',10),(288,'App\\Models\\Admin',1658997171),(288,'App\\Models\\Admin',1658998932),(288,'App\\Models\\Admin',1658999911),(288,'App\\Models\\Admin',1659000008),(288,'App\\Models\\Admin',1659000068),(288,'App\\Models\\Admin',1659000091),(288,'App\\Models\\Admin',1659000187),(288,'App\\Models\\Admin',1659001934),(288,'App\\Models\\Admin',1659001973),(289,'App\\Models\\Admin',10),(289,'App\\Models\\Admin',1658997219),(289,'App\\Models\\Admin',1658997254),(289,'App\\Models\\Admin',1658997357),(289,'App\\Models\\Admin',1658998057),(289,'App\\Models\\Admin',1658998787),(289,'App\\Models\\Admin',1658999180),(289,'App\\Models\\Admin',1659003394),(290,'App\\Models\\Admin',10),(290,'App\\Models\\Admin',1658997219),(290,'App\\Models\\Admin',1658997254),(290,'App\\Models\\Admin',1658997357),(290,'App\\Models\\Admin',1658998057),(290,'App\\Models\\Admin',1658998787),(290,'App\\Models\\Admin',1658999180),(290,'App\\Models\\Admin',1659003394),(291,'App\\Models\\Admin',10),(291,'App\\Models\\Admin',1658997219),(291,'App\\Models\\Admin',1658997254),(291,'App\\Models\\Admin',1658997357),(291,'App\\Models\\Admin',1658998057),(291,'App\\Models\\Admin',1658998787),(291,'App\\Models\\Admin',1658999180),(291,'App\\Models\\Admin',1659003394),(292,'App\\Models\\Admin',10),(292,'App\\Models\\Admin',1658997219),(292,'App\\Models\\Admin',1658997254),(292,'App\\Models\\Admin',1658997357),(292,'App\\Models\\Admin',1658998057),(292,'App\\Models\\Admin',1658998787),(292,'App\\Models\\Admin',1658999180),(292,'App\\Models\\Admin',1659003394),(293,'App\\Models\\Admin',10),(294,'App\\Models\\Admin',10),(295,'App\\Models\\Admin',10),(297,'App\\Models\\Admin',10),(298,'App\\Models\\Admin',10),(299,'App\\Models\\Admin',10),(300,'App\\Models\\Admin',10),(301,'App\\Models\\Admin',10),(302,'App\\Models\\Admin',10),(303,'App\\Models\\Admin',10),(304,'App\\Models\\Admin',10),(305,'App\\Models\\Admin',10),(306,'App\\Models\\Admin',10),(307,'App\\Models\\Admin',10),(308,'App\\Models\\Admin',10),(309,'App\\Models\\Admin',10),(310,'App\\Models\\Admin',10),(311,'App\\Models\\Admin',10),(312,'App\\Models\\Admin',10),(313,'App\\Models\\Admin',10),(315,'App\\Models\\Admin',10),(316,'App\\Models\\Admin',10),(317,'App\\Models\\Admin',10),(318,'App\\Models\\Admin',10),(319,'App\\Models\\Admin',10),(320,'App\\Models\\Admin',10),(320,'App\\Models\\Admin',1658997254),(320,'App\\Models\\Admin',1658997357),(320,'App\\Models\\Admin',1658998057),(320,'App\\Models\\Admin',1658999180),(321,'App\\Models\\Admin',10),(321,'App\\Models\\Admin',1658997254),(321,'App\\Models\\Admin',1658997357),(321,'App\\Models\\Admin',1658998057),(321,'App\\Models\\Admin',1658999180),(322,'App\\Models\\Admin',10),(322,'App\\Models\\Admin',1658997254),(322,'App\\Models\\Admin',1658997357),(322,'App\\Models\\Admin',1658998057),(322,'App\\Models\\Admin',1658999180),(323,'App\\Models\\Admin',10),(323,'App\\Models\\Admin',1658997254),(323,'App\\Models\\Admin',1658997357),(323,'App\\Models\\Admin',1658998057),(323,'App\\Models\\Admin',1658999180),(324,'App\\Models\\Admin',10),(324,'App\\Models\\Admin',1658997254),(324,'App\\Models\\Admin',1658997357),(324,'App\\Models\\Admin',1658998057),(324,'App\\Models\\Admin',1658999180),(325,'App\\Models\\Admin',10),(325,'App\\Models\\Admin',1659000008),(325,'App\\Models\\Admin',1659000068),(325,'App\\Models\\Admin',1659000091),(325,'App\\Models\\Admin',1659000187),(325,'App\\Models\\Admin',1659001934),(325,'App\\Models\\Admin',1659001973),(326,'App\\Models\\Admin',10),(326,'App\\Models\\Admin',1659000008),(326,'App\\Models\\Admin',1659000068),(326,'App\\Models\\Admin',1659000091),(326,'App\\Models\\Admin',1659000187),(326,'App\\Models\\Admin',1659001934),(326,'App\\Models\\Admin',1659001973),(327,'App\\Models\\Admin',10),(327,'App\\Models\\Admin',1659000008),(327,'App\\Models\\Admin',1659000068),(327,'App\\Models\\Admin',1659000091),(327,'App\\Models\\Admin',1659000187),(327,'App\\Models\\Admin',1659001934),(327,'App\\Models\\Admin',1659001973),(328,'App\\Models\\Admin',10),(328,'App\\Models\\Admin',1659000008),(328,'App\\Models\\Admin',1659000068),(328,'App\\Models\\Admin',1659000091),(328,'App\\Models\\Admin',1659000187),(328,'App\\Models\\Admin',1659001934),(328,'App\\Models\\Admin',1659001973),(329,'App\\Models\\Admin',10),(329,'App\\Models\\Admin',1659000008),(329,'App\\Models\\Admin',1659000068),(329,'App\\Models\\Admin',1659000091),(329,'App\\Models\\Admin',1659000187),(329,'App\\Models\\Admin',1659001934),(329,'App\\Models\\Admin',1659001973),(330,'App\\Models\\Admin',10),(331,'App\\Models\\Admin',10),(332,'App\\Models\\Admin',10),(333,'App\\Models\\Admin',10),(334,'App\\Models\\Admin',10),(335,'App\\Models\\Admin',10),(336,'App\\Models\\Admin',10),(337,'App\\Models\\Admin',10),(338,'App\\Models\\Admin',10),(339,'App\\Models\\Admin',10),(340,'App\\Models\\Admin',10),(340,'App\\Models\\Admin',1658997219),(340,'App\\Models\\Admin',1658997254),(340,'App\\Models\\Admin',1658997357),(340,'App\\Models\\Admin',1658998057),(340,'App\\Models\\Admin',1658998787),(340,'App\\Models\\Admin',1658999180),(340,'App\\Models\\Admin',1659003394),(341,'App\\Models\\Admin',10),(341,'App\\Models\\Admin',1658997219),(341,'App\\Models\\Admin',1658997254),(341,'App\\Models\\Admin',1658997357),(341,'App\\Models\\Admin',1658998057),(341,'App\\Models\\Admin',1658998787),(341,'App\\Models\\Admin',1658999180),(341,'App\\Models\\Admin',1659003394),(342,'App\\Models\\Admin',10),(342,'App\\Models\\Admin',1658997219),(342,'App\\Models\\Admin',1658997254),(342,'App\\Models\\Admin',1658997357),(342,'App\\Models\\Admin',1658998057),(342,'App\\Models\\Admin',1658998787),(342,'App\\Models\\Admin',1658999180),(342,'App\\Models\\Admin',1659003394),(343,'App\\Models\\Admin',10),(343,'App\\Models\\Admin',1658997219),(343,'App\\Models\\Admin',1658997254),(343,'App\\Models\\Admin',1658997357),(343,'App\\Models\\Admin',1658998057),(343,'App\\Models\\Admin',1658998787),(343,'App\\Models\\Admin',1658999180),(343,'App\\Models\\Admin',1659003394),(344,'App\\Models\\Admin',10),(344,'App\\Models\\Admin',1658997219),(344,'App\\Models\\Admin',1658997254),(344,'App\\Models\\Admin',1658997357),(344,'App\\Models\\Admin',1658998057),(344,'App\\Models\\Admin',1658998787),(344,'App\\Models\\Admin',1658999180),(344,'App\\Models\\Admin',1659003394),(345,'App\\Models\\Admin',10),(345,'App\\Models\\Admin',1658997329),(345,'App\\Models\\Admin',1658998279),(345,'App\\Models\\Admin',1658999231),(345,'App\\Models\\Admin',1659258810),(346,'App\\Models\\Admin',10),(346,'App\\Models\\Admin',1658997329),(346,'App\\Models\\Admin',1658998279),(346,'App\\Models\\Admin',1658999231),(346,'App\\Models\\Admin',1659258810),(347,'App\\Models\\Admin',10),(347,'App\\Models\\Admin',1658997329),(347,'App\\Models\\Admin',1658998279),(347,'App\\Models\\Admin',1658999231),(347,'App\\Models\\Admin',1659258810),(348,'App\\Models\\Admin',10),(348,'App\\Models\\Admin',1658997329),(348,'App\\Models\\Admin',1658998279),(348,'App\\Models\\Admin',1658999231),(348,'App\\Models\\Admin',1659258810),(349,'App\\Models\\Admin',10),(349,'App\\Models\\Admin',1658997329),(349,'App\\Models\\Admin',1658998279),(349,'App\\Models\\Admin',1658999231),(349,'App\\Models\\Admin',1659258810),(350,'App\\Models\\Admin',10),(350,'App\\Models\\Admin',1658997329),(350,'App\\Models\\Admin',1658998279),(350,'App\\Models\\Admin',1658999231),(350,'App\\Models\\Admin',1659258810),(351,'App\\Models\\Admin',10),(351,'App\\Models\\Admin',1658997329),(351,'App\\Models\\Admin',1658998279),(351,'App\\Models\\Admin',1658999231),(351,'App\\Models\\Admin',1659258810),(352,'App\\Models\\Admin',10),(352,'App\\Models\\Admin',1658997329),(352,'App\\Models\\Admin',1658998279),(352,'App\\Models\\Admin',1658999231),(352,'App\\Models\\Admin',1659258810),(353,'App\\Models\\Admin',10),(353,'App\\Models\\Admin',1658997329),(353,'App\\Models\\Admin',1658998279),(353,'App\\Models\\Admin',1658999231),(353,'App\\Models\\Admin',1659258810),(354,'App\\Models\\Admin',10),(354,'App\\Models\\Admin',1658997329),(354,'App\\Models\\Admin',1658998279),(354,'App\\Models\\Admin',1658999231),(354,'App\\Models\\Admin',1659258810),(355,'App\\Models\\Admin',10),(355,'App\\Models\\Admin',1658997329),(355,'App\\Models\\Admin',1658998279),(355,'App\\Models\\Admin',1658999231),(355,'App\\Models\\Admin',1659258810),(356,'App\\Models\\Admin',10),(356,'App\\Models\\Admin',1658997329),(356,'App\\Models\\Admin',1658998279),(356,'App\\Models\\Admin',1658999231),(356,'App\\Models\\Admin',1659258810),(357,'App\\Models\\Admin',10),(357,'App\\Models\\Admin',1658997329),(357,'App\\Models\\Admin',1658998279),(357,'App\\Models\\Admin',1658999231),(357,'App\\Models\\Admin',1659258810),(358,'App\\Models\\Admin',10),(358,'App\\Models\\Admin',1658997329),(358,'App\\Models\\Admin',1658998279),(358,'App\\Models\\Admin',1658999231),(358,'App\\Models\\Admin',1659258810),(359,'App\\Models\\Admin',10),(359,'App\\Models\\Admin',1658997329),(359,'App\\Models\\Admin',1658998279),(359,'App\\Models\\Admin',1658999231),(359,'App\\Models\\Admin',1659258810),(360,'App\\Models\\Admin',10),(360,'App\\Models\\Admin',1658997329),(360,'App\\Models\\Admin',1658998279),(360,'App\\Models\\Admin',1658999231),(360,'App\\Models\\Admin',1659258810),(361,'App\\Models\\Admin',10),(361,'App\\Models\\Admin',1658997329),(361,'App\\Models\\Admin',1658998279),(361,'App\\Models\\Admin',1658999231),(361,'App\\Models\\Admin',1659258810),(362,'App\\Models\\Admin',10),(362,'App\\Models\\Admin',1658997329),(362,'App\\Models\\Admin',1658998279),(362,'App\\Models\\Admin',1658999231),(362,'App\\Models\\Admin',1659258810),(363,'App\\Models\\Admin',10),(363,'App\\Models\\Admin',1658997329),(363,'App\\Models\\Admin',1658998279),(363,'App\\Models\\Admin',1658999231),(363,'App\\Models\\Admin',1659258810),(364,'App\\Models\\Admin',10),(364,'App\\Models\\Admin',1658997329),(364,'App\\Models\\Admin',1658998279),(364,'App\\Models\\Admin',1658999231),(364,'App\\Models\\Admin',1659258810),(370,'App\\Models\\Admin',10),(370,'App\\Models\\Admin',1658997329),(370,'App\\Models\\Admin',1658998279),(370,'App\\Models\\Admin',1658999231),(370,'App\\Models\\Admin',1659258810),(371,'App\\Models\\Admin',10),(371,'App\\Models\\Admin',1658997329),(371,'App\\Models\\Admin',1658998279),(371,'App\\Models\\Admin',1658999231),(371,'App\\Models\\Admin',1659258810),(372,'App\\Models\\Admin',10),(372,'App\\Models\\Admin',1658997329),(372,'App\\Models\\Admin',1658998279),(372,'App\\Models\\Admin',1658999231),(372,'App\\Models\\Admin',1659258810),(373,'App\\Models\\Admin',10),(373,'App\\Models\\Admin',1658997329),(373,'App\\Models\\Admin',1658998279),(373,'App\\Models\\Admin',1658999231),(373,'App\\Models\\Admin',1659258810),(374,'App\\Models\\Admin',10),(374,'App\\Models\\Admin',1658997329),(374,'App\\Models\\Admin',1658998279),(374,'App\\Models\\Admin',1658999231),(374,'App\\Models\\Admin',1659258810),(379,'App\\Models\\Admin',10),(379,'App\\Models\\Admin',1658997329),(379,'App\\Models\\Admin',1658998279),(379,'App\\Models\\Admin',1658999231),(379,'App\\Models\\Admin',1659258810),(380,'App\\Models\\Admin',10),(380,'App\\Models\\Admin',1658997329),(380,'App\\Models\\Admin',1658998279),(380,'App\\Models\\Admin',1658999231),(380,'App\\Models\\Admin',1659258810),(381,'App\\Models\\Admin',10),(381,'App\\Models\\Admin',1658997329),(381,'App\\Models\\Admin',1658998279),(381,'App\\Models\\Admin',1658999231),(381,'App\\Models\\Admin',1659258810),(382,'App\\Models\\Admin',10),(382,'App\\Models\\Admin',1658997329),(382,'App\\Models\\Admin',1658998279),(382,'App\\Models\\Admin',1658999231),(382,'App\\Models\\Admin',1659258810),(383,'App\\Models\\Admin',10),(383,'App\\Models\\Admin',1658997329),(383,'App\\Models\\Admin',1658998279),(383,'App\\Models\\Admin',1658999231),(383,'App\\Models\\Admin',1659258810),(384,'App\\Models\\Admin',10),(384,'App\\Models\\Admin',1659000008),(384,'App\\Models\\Admin',1659000068),(384,'App\\Models\\Admin',1659000091),(384,'App\\Models\\Admin',1659000187),(384,'App\\Models\\Admin',1659001934),(384,'App\\Models\\Admin',1659001973),(385,'App\\Models\\Admin',10),(385,'App\\Models\\Admin',1659000008),(385,'App\\Models\\Admin',1659000068),(385,'App\\Models\\Admin',1659000091),(385,'App\\Models\\Admin',1659000187),(385,'App\\Models\\Admin',1659001934),(385,'App\\Models\\Admin',1659001973),(386,'App\\Models\\Admin',10),(386,'App\\Models\\Admin',1659000008),(386,'App\\Models\\Admin',1659000068),(386,'App\\Models\\Admin',1659000091),(386,'App\\Models\\Admin',1659000187),(386,'App\\Models\\Admin',1659001934),(386,'App\\Models\\Admin',1659001973),(387,'App\\Models\\Admin',10),(387,'App\\Models\\Admin',1658997171),(387,'App\\Models\\Admin',1658998932),(387,'App\\Models\\Admin',1658999911),(387,'App\\Models\\Admin',1659000008),(387,'App\\Models\\Admin',1659000068),(387,'App\\Models\\Admin',1659000091),(387,'App\\Models\\Admin',1659000187),(387,'App\\Models\\Admin',1659001934),(387,'App\\Models\\Admin',1659001973),(388,'App\\Models\\Admin',10),(388,'App\\Models\\Admin',1659000008),(388,'App\\Models\\Admin',1659000068),(388,'App\\Models\\Admin',1659000091),(388,'App\\Models\\Admin',1659000187),(388,'App\\Models\\Admin',1659001934),(388,'App\\Models\\Admin',1659001973),(389,'App\\Models\\Admin',10),(389,'App\\Models\\Admin',1659000008),(389,'App\\Models\\Admin',1659000068),(389,'App\\Models\\Admin',1659000091),(389,'App\\Models\\Admin',1659000187),(389,'App\\Models\\Admin',1659001934),(389,'App\\Models\\Admin',1659001973),(390,'App\\Models\\Admin',10),(390,'App\\Models\\Admin',1659000008),(390,'App\\Models\\Admin',1659000068),(390,'App\\Models\\Admin',1659000091),(390,'App\\Models\\Admin',1659000187),(390,'App\\Models\\Admin',1659001934),(390,'App\\Models\\Admin',1659001973),(391,'App\\Models\\Admin',10),(391,'App\\Models\\Admin',1658997171),(391,'App\\Models\\Admin',1658998932),(391,'App\\Models\\Admin',1658999911),(391,'App\\Models\\Admin',1659000008),(391,'App\\Models\\Admin',1659000068),(391,'App\\Models\\Admin',1659000091),(391,'App\\Models\\Admin',1659000187),(391,'App\\Models\\Admin',1659001934),(391,'App\\Models\\Admin',1659001973),(392,'App\\Models\\Admin',10),(392,'App\\Models\\Admin',1659000008),(392,'App\\Models\\Admin',1659000068),(392,'App\\Models\\Admin',1659000091),(392,'App\\Models\\Admin',1659000187),(392,'App\\Models\\Admin',1659001934),(392,'App\\Models\\Admin',1659001973),(393,'App\\Models\\Admin',10),(393,'App\\Models\\Admin',1659000008),(393,'App\\Models\\Admin',1659000068),(393,'App\\Models\\Admin',1659000091),(393,'App\\Models\\Admin',1659000187),(393,'App\\Models\\Admin',1659001934),(393,'App\\Models\\Admin',1659001973),(394,'App\\Models\\Admin',10),(394,'App\\Models\\Admin',1659000008),(394,'App\\Models\\Admin',1659000068),(394,'App\\Models\\Admin',1659000091),(394,'App\\Models\\Admin',1659000187),(394,'App\\Models\\Admin',1659001934),(394,'App\\Models\\Admin',1659001973),(395,'App\\Models\\Admin',10),(395,'App\\Models\\Admin',1658997171),(395,'App\\Models\\Admin',1658998932),(395,'App\\Models\\Admin',1658999911),(395,'App\\Models\\Admin',1659000008),(395,'App\\Models\\Admin',1659000068),(395,'App\\Models\\Admin',1659000091),(395,'App\\Models\\Admin',1659000187),(395,'App\\Models\\Admin',1659001934),(395,'App\\Models\\Admin',1659001973),(396,'App\\Models\\Admin',10),(396,'App\\Models\\Admin',1659000008),(396,'App\\Models\\Admin',1659000068),(396,'App\\Models\\Admin',1659000091),(396,'App\\Models\\Admin',1659000187),(396,'App\\Models\\Admin',1659001934),(396,'App\\Models\\Admin',1659001973),(397,'App\\Models\\Admin',10),(397,'App\\Models\\Admin',1659000008),(397,'App\\Models\\Admin',1659000068),(397,'App\\Models\\Admin',1659000091),(397,'App\\Models\\Admin',1659000187),(397,'App\\Models\\Admin',1659001934),(397,'App\\Models\\Admin',1659001973),(398,'App\\Models\\Admin',10),(398,'App\\Models\\Admin',1659000008),(398,'App\\Models\\Admin',1659000068),(398,'App\\Models\\Admin',1659000091),(398,'App\\Models\\Admin',1659000187),(398,'App\\Models\\Admin',1659001934),(398,'App\\Models\\Admin',1659001973),(399,'App\\Models\\Admin',10),(399,'App\\Models\\Admin',1658997171),(399,'App\\Models\\Admin',1658998932),(399,'App\\Models\\Admin',1658999911),(399,'App\\Models\\Admin',1659000008),(399,'App\\Models\\Admin',1659000068),(399,'App\\Models\\Admin',1659000091),(399,'App\\Models\\Admin',1659000187),(399,'App\\Models\\Admin',1659001934),(399,'App\\Models\\Admin',1659001973),(401,'App\\Models\\Admin',10),(401,'App\\Models\\Admin',1658997171),(401,'App\\Models\\Admin',1658998932),(401,'App\\Models\\Admin',1658999911),(401,'App\\Models\\Admin',1659000008),(401,'App\\Models\\Admin',1659000068),(401,'App\\Models\\Admin',1659000091),(401,'App\\Models\\Admin',1659000187),(401,'App\\Models\\Admin',1659001934),(401,'App\\Models\\Admin',1659001973),(402,'App\\Models\\Admin',10),(402,'App\\Models\\Admin',1658997171),(402,'App\\Models\\Admin',1658998932),(402,'App\\Models\\Admin',1658999911),(402,'App\\Models\\Admin',1659000008),(402,'App\\Models\\Admin',1659000068),(402,'App\\Models\\Admin',1659000091),(402,'App\\Models\\Admin',1659000187),(402,'App\\Models\\Admin',1659001934),(402,'App\\Models\\Admin',1659001973),(404,'App\\Models\\Admin',10),(404,'App\\Models\\Admin',1658997171),(404,'App\\Models\\Admin',1658998932),(404,'App\\Models\\Admin',1658999911),(404,'App\\Models\\Admin',1659000008),(404,'App\\Models\\Admin',1659000068),(404,'App\\Models\\Admin',1659000091),(404,'App\\Models\\Admin',1659000187),(404,'App\\Models\\Admin',1659001934),(404,'App\\Models\\Admin',1659001973),(405,'App\\Models\\Admin',10),(405,'App\\Models\\Admin',1658997171),(405,'App\\Models\\Admin',1658998932),(405,'App\\Models\\Admin',1658999911),(405,'App\\Models\\Admin',1659000008),(405,'App\\Models\\Admin',1659000068),(405,'App\\Models\\Admin',1659000091),(405,'App\\Models\\Admin',1659000187),(405,'App\\Models\\Admin',1659001934),(405,'App\\Models\\Admin',1659001973),(406,'App\\Models\\Admin',1659000008),(406,'App\\Models\\Admin',1659000068),(406,'App\\Models\\Admin',1659000091),(406,'App\\Models\\Admin',1659000187),(406,'App\\Models\\Admin',1659001934),(406,'App\\Models\\Admin',1659001973),(407,'App\\Models\\Admin',1659000008),(407,'App\\Models\\Admin',1659000068),(407,'App\\Models\\Admin',1659000091),(407,'App\\Models\\Admin',1659000187),(407,'App\\Models\\Admin',1659001934),(407,'App\\Models\\Admin',1659001973),(408,'App\\Models\\Admin',1659000008),(408,'App\\Models\\Admin',1659000068),(408,'App\\Models\\Admin',1659000091),(408,'App\\Models\\Admin',1659000187),(408,'App\\Models\\Admin',1659001934),(408,'App\\Models\\Admin',1659001973),(409,'App\\Models\\Admin',1659000008),(409,'App\\Models\\Admin',1659000068),(409,'App\\Models\\Admin',1659000091),(409,'App\\Models\\Admin',1659000187),(409,'App\\Models\\Admin',1659001934),(409,'App\\Models\\Admin',1659001973),(410,'App\\Models\\Admin',1659000008),(410,'App\\Models\\Admin',1659000068),(410,'App\\Models\\Admin',1659000091),(410,'App\\Models\\Admin',1659000187),(410,'App\\Models\\Admin',1659001934),(410,'App\\Models\\Admin',1659001973),(416,'App\\Models\\Admin',10),(416,'App\\Models\\Admin',1659000008),(416,'App\\Models\\Admin',1659000068),(416,'App\\Models\\Admin',1659000091),(416,'App\\Models\\Admin',1659000187),(416,'App\\Models\\Admin',1659001934),(416,'App\\Models\\Admin',1659001973),(417,'App\\Models\\Admin',10),(417,'App\\Models\\Admin',1659000008),(417,'App\\Models\\Admin',1659000068),(417,'App\\Models\\Admin',1659000091),(417,'App\\Models\\Admin',1659000187),(417,'App\\Models\\Admin',1659001934),(417,'App\\Models\\Admin',1659001973),(418,'App\\Models\\Admin',10),(418,'App\\Models\\Admin',1659000008),(418,'App\\Models\\Admin',1659000068),(418,'App\\Models\\Admin',1659000091),(418,'App\\Models\\Admin',1659000187),(418,'App\\Models\\Admin',1659001934),(418,'App\\Models\\Admin',1659001973),(419,'App\\Models\\Admin',10),(419,'App\\Models\\Admin',1659000008),(419,'App\\Models\\Admin',1659000068),(419,'App\\Models\\Admin',1659000091),(419,'App\\Models\\Admin',1659000187),(419,'App\\Models\\Admin',1659001934),(419,'App\\Models\\Admin',1659001973),(420,'App\\Models\\Admin',10),(420,'App\\Models\\Admin',1659000008),(420,'App\\Models\\Admin',1659000068),(420,'App\\Models\\Admin',1659000091),(420,'App\\Models\\Admin',1659000187),(420,'App\\Models\\Admin',1659001934),(420,'App\\Models\\Admin',1659001973),(421,'App\\Models\\Admin',10),(422,'App\\Models\\Admin',10),(423,'App\\Models\\Admin',10),(424,'App\\Models\\Admin',10),(425,'App\\Models\\Admin',10),(426,'App\\Models\\Admin',10),(427,'App\\Models\\Admin',10),(428,'App\\Models\\Admin',10),(429,'App\\Models\\Admin',10),(430,'App\\Models\\Admin',10),(431,'App\\Models\\Admin',10),(432,'App\\Models\\Admin',10),(433,'App\\Models\\Admin',10),(434,'App\\Models\\Admin',10),(435,'App\\Models\\Admin',10),(436,'App\\Models\\Admin',10),(437,'App\\Models\\Admin',10),(438,'App\\Models\\Admin',10),(439,'App\\Models\\Admin',10),(440,'App\\Models\\Admin',10),(441,'App\\Models\\Admin',10),(442,'App\\Models\\Admin',10),(443,'App\\Models\\Admin',10),(444,'App\\Models\\Admin',10),(445,'App\\Models\\Admin',10),(446,'App\\Models\\Admin',10),(448,'App\\Models\\Admin',10),(449,'App\\Models\\Admin',10),(450,'App\\Models\\Admin',10),(451,'App\\Models\\Admin',10),(452,'App\\Models\\Admin',10),(452,'App\\Models\\Admin',1658997219),(452,'App\\Models\\Admin',1658998787),(452,'App\\Models\\Admin',1659003394),(453,'App\\Models\\Admin',10),(453,'App\\Models\\Admin',1658997219),(453,'App\\Models\\Admin',1658998787),(453,'App\\Models\\Admin',1659003394),(454,'App\\Models\\Admin',10),(454,'App\\Models\\Admin',1658997219),(454,'App\\Models\\Admin',1658998787),(454,'App\\Models\\Admin',1659003394),(455,'App\\Models\\Admin',10),(455,'App\\Models\\Admin',1658997219),(455,'App\\Models\\Admin',1658998787),(455,'App\\Models\\Admin',1659003394),(456,'App\\Models\\Admin',10),(456,'App\\Models\\Admin',1658997219),(456,'App\\Models\\Admin',1658998787),(456,'App\\Models\\Admin',1659003394),(458,'App\\Models\\Admin',10),(458,'App\\Models\\Admin',1658997171),(458,'App\\Models\\Admin',1658998932),(458,'App\\Models\\Admin',1658999911),(459,'App\\Models\\Admin',10),(459,'App\\Models\\Admin',1658997171),(459,'App\\Models\\Admin',1658998932),(459,'App\\Models\\Admin',1658999911),(460,'App\\Models\\Admin',10),(460,'App\\Models\\Admin',1658997171),(460,'App\\Models\\Admin',1658998932),(460,'App\\Models\\Admin',1658999911),(461,'App\\Models\\Admin',10),(461,'App\\Models\\Admin',1658997171),(461,'App\\Models\\Admin',1658998932),(461,'App\\Models\\Admin',1658999911),(462,'App\\Models\\Admin',10),(462,'App\\Models\\Admin',1658997171),(462,'App\\Models\\Admin',1658998932),(462,'App\\Models\\Admin',1658999911),(463,'App\\Models\\Admin',10),(464,'App\\Models\\Admin',10),(465,'App\\Models\\Admin',10),(466,'App\\Models\\Admin',10),(467,'App\\Models\\Admin',10),(468,'App\\Models\\Admin',10),(468,'App\\Models\\Admin',1658997254),(468,'App\\Models\\Admin',1658997329),(468,'App\\Models\\Admin',1658997357),(468,'App\\Models\\Admin',1658998057),(468,'App\\Models\\Admin',1658998279),(468,'App\\Models\\Admin',1658999180),(468,'App\\Models\\Admin',1658999231),(468,'App\\Models\\Admin',1659000008),(468,'App\\Models\\Admin',1659000068),(468,'App\\Models\\Admin',1659000091),(468,'App\\Models\\Admin',1659000187),(468,'App\\Models\\Admin',1659001934),(468,'App\\Models\\Admin',1659001973),(468,'App\\Models\\Admin',1659258810),(469,'App\\Models\\Admin',10),(469,'App\\Models\\Admin',1658997254),(469,'App\\Models\\Admin',1658997329),(469,'App\\Models\\Admin',1658997357),(469,'App\\Models\\Admin',1658998057),(469,'App\\Models\\Admin',1658998279),(469,'App\\Models\\Admin',1658999180),(469,'App\\Models\\Admin',1658999231),(469,'App\\Models\\Admin',1659000008),(469,'App\\Models\\Admin',1659000068),(469,'App\\Models\\Admin',1659000091),(469,'App\\Models\\Admin',1659000187),(469,'App\\Models\\Admin',1659001934),(469,'App\\Models\\Admin',1659001973),(469,'App\\Models\\Admin',1659258810),(470,'App\\Models\\Admin',10),(470,'App\\Models\\Admin',1658997254),(470,'App\\Models\\Admin',1658997329),(470,'App\\Models\\Admin',1658997357),(470,'App\\Models\\Admin',1658998057),(470,'App\\Models\\Admin',1658998279),(470,'App\\Models\\Admin',1658999180),(470,'App\\Models\\Admin',1658999231),(470,'App\\Models\\Admin',1659000008),(470,'App\\Models\\Admin',1659000068),(470,'App\\Models\\Admin',1659000091),(470,'App\\Models\\Admin',1659000187),(470,'App\\Models\\Admin',1659001934),(470,'App\\Models\\Admin',1659001973),(470,'App\\Models\\Admin',1659258810),(471,'App\\Models\\Admin',10),(471,'App\\Models\\Admin',1658997254),(471,'App\\Models\\Admin',1658997329),(471,'App\\Models\\Admin',1658997357),(471,'App\\Models\\Admin',1658998057),(471,'App\\Models\\Admin',1658998279),(471,'App\\Models\\Admin',1658999180),(471,'App\\Models\\Admin',1658999231),(471,'App\\Models\\Admin',1659000008),(471,'App\\Models\\Admin',1659000068),(471,'App\\Models\\Admin',1659000091),(471,'App\\Models\\Admin',1659000187),(471,'App\\Models\\Admin',1659001934),(471,'App\\Models\\Admin',1659001973),(471,'App\\Models\\Admin',1659258810),(472,'App\\Models\\Admin',10),(472,'App\\Models\\Admin',1658997254),(472,'App\\Models\\Admin',1658997329),(472,'App\\Models\\Admin',1658997357),(472,'App\\Models\\Admin',1658998057),(472,'App\\Models\\Admin',1658998279),(472,'App\\Models\\Admin',1658999180),(472,'App\\Models\\Admin',1658999231),(472,'App\\Models\\Admin',1659000008),(472,'App\\Models\\Admin',1659000068),(472,'App\\Models\\Admin',1659000091),(472,'App\\Models\\Admin',1659000187),(472,'App\\Models\\Admin',1659001934),(472,'App\\Models\\Admin',1659001973),(472,'App\\Models\\Admin',1659258810);
/*!40000 ALTER TABLE `model_has_permissions` ENABLE KEYS */;
UNLOCK TABLES;

--
-- Table structure for table `model_has_roles`
--

DROP TABLE IF EXISTS `model_has_roles`;
/*!40101 SET @saved_cs_client     = @@character_set_client */;
/*!40101 SET character_set_client = utf8 */;
CREATE TABLE `model_has_roles` (
  `role_id` bigint(20) unsigned NOT NULL,
  `model_type` varchar(255) NOT NULL,
  `model_id` bigint(20) unsigned NOT NULL,
  PRIMARY KEY (`role_id`,`model_id`,`model_type`),
  KEY `model_has_roles_model_id_model_type_index` (`model_id`,`model_type`),
  CONSTRAINT `model_has_roles_role_id_foreign` FOREIGN KEY (`role_id`) REFERENCES `roles` (`id`) ON DELETE CASCADE
) ENGINE=InnoDB DEFAULT CHARSET=utf8;
/*!40101 SET character_set_client = @saved_cs_client */;

--
-- Dumping data for table `model_has_roles`
--

LOCK TABLES `model_has_roles` WRITE;
/*!40000 ALTER TABLE `model_has_roles` DISABLE KEYS */;
INSERT INTO `model_has_roles` VALUES (67,'App\\Models\\Admin',10),(68,'App\\Models\\Admin',1658997254),(68,'App\\Models\\Admin',1658997357),(68,'App\\Models\\Admin',1658998057),(68,'App\\Models\\Admin',1658999180),(69,'App\\Models\\Admin',1659000008),(69,'App\\Models\\Admin',1659000068),(69,'App\\Models\\Admin',1659000091),(69,'App\\Models\\Admin',1659000187),(69,'App\\Models\\Admin',1659001934),(69,'App\\Models\\Admin',1659001973),(70,'App\\Models\\Admin',1658997329),(70,'App\\Models\\Admin',1658998279),(70,'App\\Models\\Admin',1658999231),(70,'App\\Models\\Admin',1659258810),(72,'App\\Models\\Admin',1658997219),(72,'App\\Models\\Admin',1658998787),(72,'App\\Models\\Admin',1659003394),(73,'App\\Models\\Admin',1658997171),(73,'App\\Models\\Admin',1658998932),(73,'App\\Models\\Admin',1658999911);
/*!40000 ALTER TABLE `model_has_roles` ENABLE KEYS */;
UNLOCK TABLES;

--
-- Table structure for table `password_resets`
--

DROP TABLE IF EXISTS `password_resets`;
/*!40101 SET @saved_cs_client     = @@character_set_client */;
/*!40101 SET character_set_client = utf8 */;
CREATE TABLE `password_resets` (
  `email` varchar(255) NOT NULL,
  `token` varchar(255) NOT NULL,
  `created_at` timestamp NULL DEFAULT NULL,
  KEY `password_resets_email_index` (`email`)
) ENGINE=InnoDB DEFAULT CHARSET=utf8;
/*!40101 SET character_set_client = @saved_cs_client */;

--
-- Dumping data for table `password_resets`
--

LOCK TABLES `password_resets` WRITE;
/*!40000 ALTER TABLE `password_resets` DISABLE KEYS */;
/*!40000 ALTER TABLE `password_resets` ENABLE KEYS */;
UNLOCK TABLES;

--
-- Table structure for table `permissions`
--

DROP TABLE IF EXISTS `permissions`;
/*!40101 SET @saved_cs_client     = @@character_set_client */;
/*!40101 SET character_set_client = utf8 */;
CREATE TABLE `permissions` (
  `id` bigint(20) unsigned NOT NULL AUTO_INCREMENT,
  `name` varchar(255) NOT NULL,
  `guard_name` varchar(255) NOT NULL DEFAULT 'admin',
  `created_at` timestamp NULL DEFAULT NULL,
  `updated_at` timestamp NULL DEFAULT NULL,
  `status` int(11) NOT NULL DEFAULT 1,
  PRIMARY KEY (`id`),
  UNIQUE KEY `permissions_name_guard_name_unique` (`name`,`guard_name`)
) ENGINE=InnoDB AUTO_INCREMENT=473 DEFAULT CHARSET=utf8;
/*!40101 SET character_set_client = @saved_cs_client */;

--
-- Dumping data for table `permissions`
--

LOCK TABLES `permissions` WRITE;
/*!40000 ALTER TABLE `permissions` DISABLE KEYS */;
INSERT INTO `permissions` VALUES (8,'dashboard','admin','2022-03-16 11:25:47',NULL,1),(20,'user','admin','2022-03-16 11:27:05',NULL,1),(21,'role','admin','2022-03-16 11:27:12',NULL,1),(22,'permission','admin','2022-03-16 11:27:22',NULL,0),(35,'dashboard_view','admin',NULL,NULL,1),(36,'dashboard_create','admin',NULL,NULL,1),(37,'dashboard_edit','admin',NULL,NULL,1),(38,'dashboard_delete','admin',NULL,NULL,1),(59,'user_create','admin',NULL,NULL,1),(60,'user_edit','admin',NULL,NULL,1),(61,'user_view','admin',NULL,NULL,1),(62,'user_delete','admin',NULL,NULL,1),(159,'role_create','admin',NULL,NULL,1),(160,'role_edit','admin',NULL,NULL,1),(161,'role_view','admin',NULL,NULL,1),(162,'role_delete','admin',NULL,NULL,1),(163,'permission_create','admin',NULL,NULL,0),(164,'permission_edit','admin',NULL,NULL,0),(165,'permission_view','admin',NULL,NULL,0),(166,'permission_delete','admin',NULL,NULL,0),(177,'form one','admin','2022-04-05 06:19:01',NULL,1),(178,'form one_view','admin','2022-04-05 06:19:53',NULL,1),(179,'form one_create','admin','2022-04-05 06:20:02',NULL,1),(180,'form one_delete','admin','2022-04-05 06:20:09',NULL,1),(181,'form one_edit','admin','2022-04-05 06:20:17',NULL,1),(182,'form two','admin','2022-04-08 18:28:07',NULL,1),(183,'form two_create','admin','2022-04-08 18:28:19',NULL,1),(184,'form two_edit','admin','2022-04-08 18:28:32',NULL,1),(185,'form two_delete','admin','2022-04-08 18:28:45',NULL,1),(186,'form two_view','admin','2022-04-08 18:28:58',NULL,1),(187,'form five','admin','2022-04-09 11:51:31',NULL,1),(188,'form five_create','admin','2022-04-09 11:51:43',NULL,1),(189,'form five_edit','admin','2022-04-09 11:51:50',NULL,1),(190,'form five_view','admin','2022-04-09 11:51:58',NULL,1),(191,'form five_delete','admin','2022-04-09 11:52:28',NULL,1),(192,'case manager','admin','2022-04-10 04:45:15',NULL,1),(193,'case manager_view','admin','2022-04-10 04:46:21',NULL,1),(194,'case manager_edit','admin','2022-04-10 04:46:28',NULL,1),(195,'case manager_create','admin','2022-04-10 04:46:35',NULL,1),(196,'case manager_delete','admin','2022-04-10 04:46:43',NULL,1),(197,'form six','admin','2022-04-11 11:40:50',NULL,1),(198,'form six_view','admin','2022-04-11 11:41:00',NULL,1),(199,'form six_edit','admin','2022-04-11 11:41:07',NULL,1),(200,'form six_create','admin','2022-04-11 11:41:15',NULL,1),(201,'form six_delete','admin','2022-04-11 11:41:23',NULL,1),(202,'form three','admin','2022-04-11 14:19:24',NULL,1),(203,'form three_create','admin','2022-04-11 14:19:32',NULL,1),(204,'form three_view','admin','2022-04-11 14:19:37',NULL,1),(205,'form three_edit','admin','2022-04-11 14:19:44',NULL,1),(206,'form three_delete','admin','2022-04-11 14:19:51',NULL,1),(207,'form seven','admin','2022-04-13 09:00:51',NULL,1),(208,'form seven_edit','admin','2022-04-13 09:00:58',NULL,1),(209,'form seven_delete','admin','2022-04-13 09:01:06',NULL,1),(210,'form seven_create','admin','2022-04-13 09:01:13',NULL,1),(211,'form seven_view','admin','2022-04-13 09:01:20',NULL,1),(212,'form four_create','admin','2022-04-13 13:25:08',NULL,1),(213,'form four_edit','admin','2022-04-13 13:25:17',NULL,1),(214,'form four_view','admin','2022-04-13 13:25:26',NULL,1),(215,'form four_delete','admin','2022-04-13 13:25:37',NULL,1),(216,'form four','admin','2022-04-13 13:26:22',NULL,1),(217,'form eight','admin','2022-04-14 08:45:17',NULL,1),(218,'form eight_create','admin','2022-04-14 08:45:24',NULL,1),(219,'form eight_edit','admin','2022-04-14 08:45:31',NULL,1),(220,'form eight_delete','admin','2022-04-14 08:45:38',NULL,1),(221,'form eight_view','admin','2022-04-14 08:45:44',NULL,1),(222,'form nine','admin','2022-04-17 07:38:56',NULL,1),(223,'form nine_create','admin','2022-04-17 07:39:02',NULL,1),(224,'form nine_edit','admin','2022-04-17 07:39:09',NULL,1),(225,'form nine_view','admin','2022-04-17 07:39:15',NULL,1),(226,'form nine_delete','admin','2022-04-17 07:39:23',NULL,1),(227,'form ten','admin','2022-04-17 11:06:26',NULL,1),(228,'form ten_create','admin','2022-04-17 11:06:32',NULL,1),(229,'form ten_edit','admin','2022-04-17 11:06:38',NULL,1),(230,'form ten_delete','admin','2022-04-17 11:06:45',NULL,1),(231,'form ten_view','admin','2022-04-17 11:06:51',NULL,1),(232,'logs','admin','2022-04-18 11:59:53',NULL,1),(233,'logs_view','admin','2022-04-18 12:00:00',NULL,1),(234,'logs_create','admin','2022-04-18 12:00:08',NULL,1),(235,'logs_edit','admin','2022-04-18 12:00:15',NULL,1),(236,'logs_delete','admin','2022-04-18 12:00:25',NULL,1),(237,'form fourteen','admin','2022-04-21 13:34:39',NULL,1),(238,'form fourteen_create','admin','2022-04-21 13:34:46',NULL,1),(239,'form fourteen_edit','admin','2022-04-21 13:34:51',NULL,1),(240,'form fourteen_view','admin','2022-04-21 13:34:58',NULL,1),(241,'form fourteen_delete','admin','2022-04-21 13:35:05',NULL,1),(242,'form eleven','admin','2022-04-24 02:19:24',NULL,1),(243,'form eleven_create','admin','2022-04-24 02:19:32',NULL,1),(244,'form eleven_delete','admin','2022-04-24 02:19:40',NULL,1),(245,'form eleven_edit','admin','2022-04-24 02:19:46',NULL,1),(246,'form eleven_view','admin','2022-04-24 02:19:53',NULL,1),(247,'form thirteen','admin','2022-04-24 03:08:41',NULL,1),(248,'form thirteen_create','admin','2022-04-24 03:08:48',NULL,1),(249,'form thirteen_edit','admin','2022-04-24 03:08:55',NULL,1),(250,'form thirteen_delete','admin','2022-04-24 03:09:01',NULL,1),(251,'form thirteen_view','admin','2022-04-24 03:09:09',NULL,1),(252,'form spone','admin','2022-05-11 06:55:39',NULL,1),(253,'form sptwo','admin','2022-05-11 06:56:49',NULL,1),(254,'form spthree','admin','2022-05-11 06:57:05',NULL,1),(255,'form spfour','admin','2022-05-11 06:57:18',NULL,1),(256,'form spfive','admin','2022-05-11 06:57:32',NULL,1),(257,'form spsix','admin','2022-05-11 06:57:45',NULL,1),(258,'form spseven','admin','2022-05-11 06:57:58',NULL,1),(259,'risk matrix','admin','2022-05-11 06:58:16',NULL,1),(261,'form spone_create','admin','2022-05-11 07:37:54',NULL,1),(262,'form spone_delete','admin','2022-05-11 07:38:07',NULL,1),(263,'form spone_edit','admin','2022-05-11 07:38:17',NULL,1),(264,'form spone_view','admin','2022-05-11 07:38:25',NULL,1),(265,'form sptwo_create','admin','2022-05-11 07:42:50',NULL,1),(266,'form sptwo_delete','admin','2022-05-11 07:43:25',NULL,1),(267,'form sptwo_edit','admin','2022-05-11 07:43:35',NULL,1),(268,'form sptwo_view','admin','2022-05-11 07:43:42',NULL,1),(269,'form spthree_create','admin','2022-05-11 07:44:01',NULL,1),(270,'form spthree_delete','admin','2022-05-11 07:44:12',NULL,1),(271,'form spthree_edit','admin','2022-05-11 07:44:20',NULL,1),(272,'form spthree_view','admin','2022-05-11 07:44:27',NULL,1),(273,'form spfour_create','admin','2022-05-11 07:44:46',NULL,1),(274,'form spfour_delete','admin','2022-05-11 07:44:55',NULL,1),(275,'form spfour_edit','admin','2022-05-11 07:45:03',NULL,1),(276,'form spfour_view','admin','2022-05-11 07:45:12',NULL,1),(277,'form spfive_create','admin','2022-05-11 07:45:29',NULL,1),(278,'form spfive_delete','admin','2022-05-11 07:45:39',NULL,1),(279,'form spfive_edit','admin','2022-05-11 07:45:49',NULL,1),(280,'form spfive_view','admin','2022-05-11 07:45:55',NULL,1),(281,'form spsix_create','admin','2022-05-11 07:49:49',NULL,1),(282,'form spsix_delete','admin','2022-05-11 07:49:58',NULL,1),(283,'form spsix_edit','admin','2022-05-11 07:50:09',NULL,1),(284,'form spsix_view','admin','2022-05-11 07:50:16',NULL,1),(285,'form spseven_create','admin','2022-05-11 07:50:34',NULL,1),(286,'form spseven_delete','admin','2022-05-11 07:50:44',NULL,1),(287,'form spseven_edit','admin','2022-05-11 07:50:56',NULL,1),(288,'form spseven_view','admin','2022-05-11 07:51:02',NULL,1),(289,'risk matrix_create','admin','2022-05-11 07:51:19',NULL,1),(290,'risk matrix_delete','admin','2022-05-11 07:51:27',NULL,1),(291,'risk matrix_edit','admin','2022-05-11 07:51:34',NULL,1),(292,'risk matrix_view','admin','2022-05-11 07:51:41',NULL,1),(293,'areas','admin','2022-05-11 08:41:13',NULL,1),(294,'areas_create','admin','2022-05-11 08:41:19',NULL,1),(295,'areas_delete','admin','2022-05-11 08:41:25',NULL,1),(297,'areas_view','admin','2022-05-11 08:41:37',NULL,1),(298,'areas_edit','admin','2022-05-11 08:41:42',NULL,1),(299,'lookups','admin','2022-05-11 09:03:44',NULL,1),(300,'lookups_create','admin','2022-05-11 09:03:51',NULL,1),(301,'lookups_edit','admin','2022-05-11 09:04:04',NULL,1),(302,'lookups_delete','admin','2022-05-11 09:04:12',NULL,1),(303,'lookups_view','admin','2022-05-11 09:04:20',NULL,1),(304,'governorates','admin','2022-05-11 09:04:36',NULL,1),(305,'governorates_create','admin','2022-05-11 09:04:43',NULL,1),(306,'governorates_edit','admin','2022-05-11 09:04:49',NULL,1),(307,'governorates_delete','admin','2022-05-11 09:04:56',NULL,1),(308,'governorates_view','admin','2022-05-11 09:05:03',NULL,1),(309,'cities','admin','2022-05-11 09:05:13',NULL,1),(310,'cities_edit','admin','2022-05-11 09:05:19',NULL,1),(311,'cities_delete','admin','2022-05-11 09:05:25',NULL,1),(312,'cities_create','admin','2022-05-11 09:05:33',NULL,1),(313,'cities_view','admin','2022-05-11 09:05:38',NULL,1),(315,'specialists','admin','2022-05-11 10:39:17',NULL,1),(316,'specialists_create','admin','2022-05-11 10:39:26',NULL,1),(317,'specialists_edit','admin','2022-05-11 10:39:41',NULL,1),(318,'specialists_delete','admin','2022-05-11 10:39:35',NULL,1),(319,'specialists_view','admin','2022-05-11 10:39:48',NULL,1),(320,'forms','admin','2022-05-12 11:21:26',NULL,1),(321,'forms_create','admin','2022-05-12 11:21:33',NULL,1),(322,'forms_edit','admin','2022-05-12 11:21:38',NULL,1),(323,'forms_delete','admin','2022-05-12 11:21:45',NULL,1),(324,'forms_view','admin','2022-05-12 11:21:54',NULL,1),(325,'spforms','admin','2022-05-12 11:22:38',NULL,1),(326,'spforms_edit','admin','2022-05-12 11:22:58',NULL,1),(327,'spforms_create','admin','2022-05-12 11:23:03',NULL,1),(328,'spforms_view','admin','2022-05-12 11:23:12',NULL,1),(329,'spforms_delete','admin','2022-05-12 11:23:19',NULL,1),(330,'settings','admin','2022-05-12 11:25:17',NULL,1),(331,'settings_create','admin','2022-05-12 11:25:24',NULL,1),(332,'settings_edit','admin','2022-05-12 11:25:29',NULL,1),(333,'settings_view','admin','2022-05-12 11:25:34',NULL,1),(334,'settings_delete','admin','2022-05-12 11:25:41',NULL,1),(335,'evaluations','admin','2022-05-22 14:46:33',NULL,1),(336,'evaluations_create','admin','2022-05-22 14:46:39',NULL,1),(337,'evaluations_view','admin','2022-05-22 14:46:45',NULL,1),(338,'evaluations_edit','admin','2022-05-22 14:47:05',NULL,1),(339,'evaluations_delete','admin','2022-05-22 14:46:56',NULL,1),(340,'form cases','admin','2022-05-26 09:55:32',NULL,1),(341,'form cases_view','admin','2022-05-26 09:55:39',NULL,1),(342,'form cases_edit','admin','2022-05-26 09:55:43',NULL,1),(343,'form cases_delete','admin','2022-05-26 09:55:49',NULL,1),(344,'form cases_create','admin','2022-05-26 09:55:57',NULL,1),(345,'facilitators','admin','2022-05-29 11:14:23',NULL,1),(346,'facilitators_create','admin','2022-05-29 11:14:31',NULL,1),(347,'facilitators_edit','admin','2022-05-29 11:14:36',NULL,1),(348,'facilitators_delete','admin','2022-05-29 11:14:42',NULL,1),(349,'facilitators_view','admin','2022-05-29 11:14:49',NULL,1),(350,'faform two','admin','2022-05-31 13:15:06',NULL,1),(351,'faform two_edit','admin','2022-05-31 13:15:24',NULL,1),(352,'faform two_delete','admin','2022-05-31 13:15:19',NULL,1),(353,'faform two_create','admin','2022-05-31 13:15:13',NULL,1),(354,'faform two_view','admin','2022-05-31 13:15:30',NULL,1),(355,'activities','admin','2022-05-29 12:34:34',NULL,1),(356,'activities_create','admin','2022-05-29 12:34:44',NULL,1),(357,'activities_edit','admin','2022-05-29 12:34:50',NULL,1),(358,'activities_delete','admin','2022-05-29 12:34:54',NULL,1),(359,'activities_view','admin','2022-05-29 12:34:59',NULL,1),(360,'notes','admin','2022-05-29 12:41:50',NULL,1),(361,'notes_create','admin','2022-05-29 12:35:30',NULL,1),(362,'notes_edit','admin','2022-05-29 12:35:42',NULL,1),(363,'notes_delete','admin','2022-05-29 12:35:47',NULL,1),(364,'notes_view','admin','2022-05-29 12:35:53',NULL,1),(366,'ervices_edit','admin','2022-05-29 12:36:40',NULL,1),(367,'ervices_create','admin','2022-05-29 12:36:45',NULL,1),(368,'ervices_delete','admin','2022-05-29 12:36:52',NULL,1),(369,'ervices_view','admin','2022-05-29 12:36:57',NULL,1),(370,'presence','admin','2022-05-29 12:37:33',NULL,1),(371,'presence_edit','admin','2022-05-29 12:38:21',NULL,1),(372,'presence_view','admin','2022-05-29 12:38:28',NULL,1),(373,'presence_create','admin','2022-05-29 12:38:33',NULL,1),(374,'presence_delete','admin','2022-05-29 12:38:39',NULL,1),(379,'notifications','admin','2022-05-30 13:15:45',NULL,1),(380,'notifications_create','admin','2022-05-30 13:15:50',NULL,1),(381,'notifications_edit','admin','2022-05-30 13:15:55',NULL,1),(382,'notifications_view','admin','2022-05-30 13:16:01',NULL,1),(383,'notifications_delete','admin','2022-05-30 13:16:06',NULL,1),(384,'form speight_create','admin','2022-06-06 07:47:53',NULL,1),(385,'form speight_delete','admin','2022-06-06 07:48:04',NULL,1),(386,'form speight_edit','admin','2022-06-06 07:48:17',NULL,1),(387,'form speight_view','admin','2022-06-06 07:48:24',NULL,1),(388,'form spnine_create','admin','2022-06-06 07:48:39',NULL,1),(389,'form spnine_delete','admin','2022-06-06 07:48:48',NULL,1),(390,'form spnine_edit','admin','2022-06-06 07:48:57',NULL,1),(391,'form spnine_view','admin','2022-06-06 07:49:05',NULL,1),(392,'form spten_create','admin','2022-06-06 07:49:21',NULL,1),(393,'form spten_delete','admin','2022-06-06 07:49:33',NULL,1),(394,'form spten_edit','admin','2022-06-06 07:49:44',NULL,1),(395,'form spten_view','admin','2022-06-06 07:49:53',NULL,1),(396,'form speleven_create','admin','2022-06-06 07:50:08',NULL,1),(397,'form speleven_delete','admin','2022-06-06 07:50:21',NULL,1),(398,'form speleven_edit','admin','2022-06-06 07:50:33',NULL,1),(399,'form speleven_view','admin','2022-06-06 07:50:40',NULL,1),(401,'form speight','admin','2022-06-06 07:56:47',NULL,1),(402,'form spnine','admin','2022-06-06 07:57:22',NULL,1),(404,'form speleven','admin','2022-06-06 07:57:37',NULL,1),(405,'form spten','admin','2022-06-06 07:57:50',NULL,1),(406,'psychologist','admin','2022-06-08 08:11:19',NULL,1),(407,'psychologist_create','admin','2022-06-08 07:55:39',NULL,1),(408,'psychologist_edit','admin','2022-06-08 07:55:45',NULL,1),(409,'psychologist_delete','admin','2022-06-08 07:55:50',NULL,1),(410,'psychologist_view','admin','2022-06-08 07:55:56',NULL,1),(416,'attached','admin','2022-06-12 10:34:42',NULL,1),(417,'attached_create','admin','2022-06-12 10:34:47',NULL,1),(418,'attached_edit','admin','2022-06-12 10:34:53',NULL,1),(419,'attached_view','admin','2022-06-12 10:34:57',NULL,1),(420,'attached_delete','admin','2022-06-12 10:35:24',NULL,1),(421,'reports','admin','2022-06-14 07:57:40',NULL,1),(422,'reports_create','admin','2022-06-14 07:57:46',NULL,1),(423,'reports_edit','admin','2022-06-14 07:57:51',NULL,1),(424,'reports_delete','admin','2022-06-14 07:58:01',NULL,1),(425,'reports_view','admin','2022-06-14 07:58:06',NULL,1),(426,'report one','admin','2022-06-14 07:58:36',NULL,1),(427,'report one_create','admin','2022-06-14 07:58:54',NULL,1),(428,'report one_delete','admin','2022-06-14 07:59:01',NULL,1),(429,'report one_view','admin','2022-06-14 07:59:18',NULL,1),(430,'report one_edit','admin','2022-06-14 07:59:24',NULL,1),(431,'report two_create','admin','2022-06-14 07:59:34',NULL,1),(432,'report two_edit','admin','2022-06-14 07:59:40',NULL,1),(433,'report two_delete','admin','2022-06-14 07:59:45',NULL,1),(434,'report two_view','admin','2022-06-14 07:59:50',NULL,1),(435,'report three_create','admin','2022-06-14 08:00:07',NULL,1),(436,'report two','admin','2022-06-14 08:00:12',NULL,1),(437,'report three_edit','admin','2022-06-14 08:00:26',NULL,1),(438,'report three','admin','2022-06-14 08:00:29',NULL,1),(439,'report three_view','admin','2022-06-14 08:00:38',NULL,1),(440,'report three_delete','admin','2022-06-14 08:00:44',NULL,1),(441,'report four','admin','2022-06-14 11:47:53',NULL,1),(442,'report four_create','admin','2022-06-14 11:48:02',NULL,1),(443,'report four_edit','admin','2022-06-14 11:48:07',NULL,1),(444,'report four_view','admin','2022-06-14 11:48:14',NULL,1),(445,'report four_delete','admin','2022-06-14 11:48:19',NULL,1),(446,'supervisors','admin','2022-06-15 07:23:27',NULL,1),(448,'supervisors_create','admin','2022-06-15 07:23:39',NULL,1),(449,'supervisors_edit','admin','2022-06-15 07:23:45',NULL,1),(450,'supervisors_view','admin','2022-06-15 07:23:51',NULL,1),(451,'supervisors_delete','admin','2022-06-15 07:23:56',NULL,1),(452,'supform one','admin','2022-06-15 07:24:11',NULL,1),(453,'supform one_create','admin','2022-06-15 07:24:18',NULL,1),(454,'supform one_edit','admin','2022-06-15 07:24:24',NULL,1),(455,'supform one_view','admin','2022-06-15 07:24:28',NULL,1),(456,'supform one_delete','admin','2022-06-15 07:24:34',NULL,1),(458,'supform two','admin','2022-06-15 07:25:01',NULL,1),(459,'supform two_create','admin','2022-06-15 07:25:06',NULL,1),(460,'supform two_edit','admin','2022-06-15 07:25:11',NULL,1),(461,'supform two_delete','admin','2022-06-15 07:25:16',NULL,1),(462,'supform two_view','admin','2022-06-15 07:25:20',NULL,1),(463,'admin','admin','2022-06-19 13:28:09',NULL,1),(464,'admin_create','admin','2022-06-19 13:28:15',NULL,1),(465,'admin_edit','admin','2022-06-19 13:28:20',NULL,1),(466,'admin_view','admin','2022-06-19 13:28:25',NULL,1),(467,'admin_delete','admin','2022-06-19 13:28:31',NULL,1),(468,'sensitive child data','admin','2022-07-05 10:03:04',NULL,1),(469,'sensitive child data_create','admin','2022-07-05 10:03:11',NULL,1),(470,'sensitive child data_edit','admin','2022-07-05 10:03:16',NULL,1),(471,'sensitive child data_delete','admin','2022-07-05 10:03:28',NULL,1),(472,'sensitive child data_view','admin','2022-07-05 10:03:34',NULL,1);
/*!40000 ALTER TABLE `permissions` ENABLE KEYS */;
UNLOCK TABLES;

--
-- Table structure for table `personal_access_tokens`
--

DROP TABLE IF EXISTS `personal_access_tokens`;
/*!40101 SET @saved_cs_client     = @@character_set_client */;
/*!40101 SET character_set_client = utf8 */;
CREATE TABLE `personal_access_tokens` (
  `id` bigint(20) unsigned NOT NULL AUTO_INCREMENT,
  `tokenable_type` varchar(255) NOT NULL,
  `tokenable_id` bigint(20) unsigned NOT NULL,
  `name` varchar(255) NOT NULL,
  `token` varchar(64) NOT NULL,
  `abilities` text DEFAULT NULL,
  `last_used_at` timestamp NULL DEFAULT NULL,
  `created_at` timestamp NULL DEFAULT NULL,
  `updated_at` timestamp NULL DEFAULT NULL,
  PRIMARY KEY (`id`),
  UNIQUE KEY `personal_access_tokens_token_unique` (`token`),
  KEY `personal_access_tokens_tokenable_type_tokenable_id_index` (`tokenable_type`,`tokenable_id`)
) ENGINE=InnoDB DEFAULT CHARSET=utf8;
/*!40101 SET character_set_client = @saved_cs_client */;

--
-- Dumping data for table `personal_access_tokens`
--

LOCK TABLES `personal_access_tokens` WRITE;
/*!40000 ALTER TABLE `personal_access_tokens` DISABLE KEYS */;
/*!40000 ALTER TABLE `personal_access_tokens` ENABLE KEYS */;
UNLOCK TABLES;

--
-- Table structure for table `role_has_permissions`
--

DROP TABLE IF EXISTS `role_has_permissions`;
/*!40101 SET @saved_cs_client     = @@character_set_client */;
/*!40101 SET character_set_client = utf8 */;
CREATE TABLE `role_has_permissions` (
  `permission_id` bigint(20) unsigned NOT NULL,
  `role_id` bigint(20) unsigned NOT NULL,
  PRIMARY KEY (`permission_id`,`role_id`),
  KEY `role_has_permissions_role_id_foreign` (`role_id`),
  KEY `permission_id` (`permission_id`),
  KEY `permission_id_2` (`permission_id`),
  CONSTRAINT `role_has_permissions_permission_id_foreign` FOREIGN KEY (`permission_id`) REFERENCES `permissions` (`id`) ON DELETE CASCADE,
  CONSTRAINT `role_has_permissions_role_id_foreign` FOREIGN KEY (`role_id`) REFERENCES `roles` (`id`) ON DELETE CASCADE
) ENGINE=InnoDB DEFAULT CHARSET=utf8;
/*!40101 SET character_set_client = @saved_cs_client */;

--
-- Dumping data for table `role_has_permissions`
--

LOCK TABLES `role_has_permissions` WRITE;
/*!40000 ALTER TABLE `role_has_permissions` DISABLE KEYS */;
INSERT INTO `role_has_permissions` VALUES (8,67),(20,67),(21,67),(35,67),(36,67),(37,67),(38,67),(59,67),(60,67),(61,67),(62,67),(159,67),(160,67),(161,67),(162,67),(177,67),(177,68),(177,69),(177,70),(177,72),(178,67),(178,68),(178,69),(178,70),(178,72),(179,67),(179,68),(179,69),(179,70),(180,67),(180,68),(180,69),(180,70),(180,72),(181,67),(181,68),(181,69),(181,70),(182,67),(182,68),(182,72),(183,67),(183,68),(184,67),(184,68),(185,67),(185,68),(185,72),(186,67),(186,68),(186,72),(187,67),(187,68),(187,72),(188,67),(188,68),(189,67),(189,68),(190,67),(190,68),(190,72),(191,67),(191,68),(191,72),(192,67),(192,68),(192,72),(193,67),(193,68),(193,72),(194,67),(194,68),(195,67),(195,68),(196,67),(196,68),(196,72),(197,67),(197,68),(197,72),(198,67),(198,68),(198,72),(199,67),(199,68),(200,67),(200,68),(201,67),(201,68),(201,72),(202,67),(202,68),(202,72),(203,67),(203,68),(204,67),(204,68),(204,72),(205,67),(205,68),(206,67),(206,68),(206,72),(207,67),(207,68),(207,72),(208,67),(208,68),(209,67),(209,68),(209,72),(210,67),(210,68),(211,67),(211,68),(211,72),(212,67),(212,68),(213,67),(213,68),(214,67),(214,68),(214,72),(215,67),(215,68),(215,72),(216,67),(216,68),(216,72),(217,67),(217,68),(217,72),(218,67),(218,68),(219,67),(219,68),(220,67),(220,68),(220,72),(221,67),(221,68),(221,72),(222,67),(222,68),(222,72),(223,67),(223,68),(224,67),(224,68),(225,67),(225,68),(225,72),(226,67),(226,68),(226,72),(227,67),(227,68),(227,72),(228,67),(228,68),(229,67),(229,68),(230,67),(230,68),(230,72),(231,67),(231,68),(231,72),(232,67),(233,67),(234,67),(235,67),(236,67),(237,67),(237,68),(237,72),(238,67),(238,68),(239,67),(239,68),(240,67),(240,68),(240,72),(241,67),(241,68),(241,72),(242,67),(242,68),(242,72),(243,67),(243,68),(244,67),(244,68),(244,72),(245,67),(245,68),(246,67),(246,68),(246,72),(247,67),(247,68),(247,72),(248,67),(248,68),(249,67),(249,68),(250,67),(250,68),(250,72),(251,67),(251,68),(251,72),(252,67),(252,69),(253,67),(253,69),(253,73),(254,67),(254,69),(254,73),(255,67),(255,69),(255,73),(256,67),(256,69),(256,73),(257,67),(257,69),(257,73),(258,67),(258,69),(258,73),(259,67),(259,68),(259,72),(261,67),(261,69),(262,67),(262,69),(263,67),(263,69),(264,67),(264,69),(265,67),(265,69),(266,67),(266,69),(267,67),(267,69),(268,67),(268,69),(268,73),(269,67),(269,69),(270,67),(270,69),(271,67),(271,69),(272,67),(272,69),(272,73),(273,67),(273,69),(274,67),(274,69),(275,67),(275,69),(276,67),(276,69),(276,73),(277,67),(277,69),(278,67),(278,69),(279,67),(279,69),(280,67),(280,69),(280,73),(281,67),(281,69),(282,67),(282,69),(283,67),(283,69),(284,67),(284,69),(284,73),(285,67),(285,69),(286,67),(286,69),(287,67),(287,69),(288,67),(288,69),(288,73),(289,67),(289,68),(289,72),(290,67),(290,68),(290,72),(291,67),(291,68),(291,72),(292,67),(292,68),(292,72),(293,67),(294,67),(295,67),(297,67),(298,67),(299,67),(300,67),(301,67),(302,67),(303,67),(304,67),(305,67),(306,67),(307,67),(308,67),(309,67),(310,67),(311,67),(312,67),(313,67),(315,67),(316,67),(317,67),(318,67),(319,67),(320,67),(320,68),(321,67),(321,68),(322,67),(322,68),(323,67),(323,68),(324,67),(324,68),(325,67),(325,69),(326,67),(326,69),(327,67),(327,69),(328,67),(328,69),(329,67),(329,69),(330,67),(331,67),(332,67),(333,67),(334,67),(335,67),(336,67),(337,67),(338,67),(339,67),(340,67),(340,68),(340,72),(341,67),(341,68),(341,72),(342,67),(342,68),(342,72),(343,67),(343,68),(343,72),(344,67),(344,68),(344,72),(345,67),(345,70),(346,67),(346,70),(347,67),(347,70),(348,67),(348,70),(349,67),(349,70),(350,67),(350,70),(351,67),(351,70),(352,67),(352,70),(353,67),(353,70),(354,67),(354,70),(355,67),(355,70),(356,67),(356,70),(357,67),(357,70),(358,67),(358,70),(359,67),(359,70),(360,67),(360,70),(361,67),(361,70),(362,67),(362,70),(363,67),(363,70),(364,67),(364,70),(370,67),(370,70),(371,67),(371,70),(372,67),(372,70),(373,67),(373,70),(374,67),(374,70),(379,67),(379,70),(380,67),(380,70),(381,67),(381,70),(382,67),(382,70),(383,67),(383,70),(384,67),(384,69),(385,67),(385,69),(386,67),(386,69),(387,67),(387,69),(387,73),(388,67),(388,69),(389,67),(389,69),(390,67),(390,69),(391,67),(391,69),(391,73),(392,67),(392,69),(393,67),(393,69),(394,67),(394,69),(395,67),(395,69),(395,73),(396,67),(396,69),(397,67),(397,69),(398,67),(398,69),(399,67),(399,69),(399,73),(401,67),(401,69),(401,73),(402,67),(402,69),(402,73),(404,67),(404,69),(404,73),(405,67),(405,69),(405,73),(406,69),(407,69),(408,69),(409,69),(410,69),(416,67),(416,69),(417,67),(417,69),(418,67),(418,69),(419,67),(419,69),(420,67),(420,69),(421,67),(422,67),(423,67),(424,67),(425,67),(426,67),(427,67),(428,67),(429,67),(430,67),(431,67),(432,67),(433,67),(434,67),(435,67),(436,67),(437,67),(438,67),(439,67),(440,67),(441,67),(442,67),(443,67),(444,67),(445,67),(446,67),(446,71),(448,67),(448,71),(449,67),(449,71),(450,67),(450,71),(451,67),(451,71),(452,67),(452,71),(452,72),(453,67),(453,71),(453,72),(454,67),(454,71),(454,72),(455,67),(455,71),(455,72),(456,67),(456,71),(456,72),(458,67),(458,71),(458,73),(459,67),(459,71),(459,73),(460,67),(460,71),(460,73),(461,67),(461,71),(461,73),(462,67),(462,71),(462,73),(463,67),(464,67),(465,67),(466,67),(467,67),(468,67),(468,68),(468,69),(468,70),(469,67),(469,68),(469,69),(469,70),(470,67),(470,68),(470,69),(470,70),(471,67),(471,68),(471,69),(471,70),(472,67),(472,68),(472,69),(472,70);
/*!40000 ALTER TABLE `role_has_permissions` ENABLE KEYS */;
UNLOCK TABLES;

--
-- Table structure for table `roles`
--

DROP TABLE IF EXISTS `roles`;
/*!40101 SET @saved_cs_client     = @@character_set_client */;
/*!40101 SET character_set_client = utf8 */;
CREATE TABLE `roles` (
  `id` bigint(20) unsigned NOT NULL AUTO_INCREMENT,
  `name` varchar(255) NOT NULL,
  `guard_name` varchar(255) NOT NULL,
  `created_at` timestamp NULL DEFAULT current_timestamp(),
  `updated_at` timestamp NULL DEFAULT NULL,
  `type` int(11) NOT NULL DEFAULT 0 COMMENT '0:defult role, 1:admin, 2:Specialists',
  PRIMARY KEY (`id`),
  UNIQUE KEY `roles_name_guard_name_unique` (`name`,`guard_name`)
) ENGINE=InnoDB AUTO_INCREMENT=78 DEFAULT CHARSET=utf8;
/*!40101 SET character_set_client = @saved_cs_client */;

--
-- Dumping data for table `roles`
--

LOCK TABLES `roles` WRITE;
/*!40000 ALTER TABLE `roles` DISABLE KEYS */;
INSERT INTO `roles` VALUES (67,'مدير النظام','admin','2022-04-05 06:22:00','2022-07-26 09:19:03',1),(68,'مدير حالة','admin','2022-04-10 04:47:21','2022-07-26 09:18:43',0),(69,'أخصائي','admin','2022-05-11 10:42:15','2022-07-26 09:19:25',2),(70,'ميسر','admin','2022-05-29 11:53:55','2022-07-26 09:19:48',0),(71,'مشرف','admin','2022-06-15 07:37:06','2022-07-26 09:20:21',0),(72,'مشرف مدراء حالة','admin','2022-06-15 10:56:03','2022-07-26 09:21:35',0),(73,'مشرف أخصائيين','admin','2022-06-15 10:57:00','2022-07-26 09:21:16',0);
/*!40000 ALTER TABLE `roles` ENABLE KEYS */;
UNLOCK TABLES;

--
-- Table structure for table `users`
--

DROP TABLE IF EXISTS `users`;
/*!40101 SET @saved_cs_client     = @@character_set_client */;
/*!40101 SET character_set_client = utf8 */;
CREATE TABLE `users` (
  `id` bigint(20) unsigned NOT NULL AUTO_INCREMENT,
  `name` varchar(255) NOT NULL,
  `last_name` varchar(255) DEFAULT NULL,
  `image` text DEFAULT NULL,
  `email` varchar(255) NOT NULL,
  `mobile` int(8) DEFAULT NULL,
  `email_verified_at` timestamp NULL DEFAULT NULL,
  `password` varchar(255) NOT NULL,
  `remember_token` varchar(100) DEFAULT NULL,
  `created_at` timestamp NULL DEFAULT current_timestamp(),
  `updated_at` timestamp NULL DEFAULT current_timestamp(),
  `type` int(11) NOT NULL DEFAULT 1 COMMENT '0:admin\r\n1:user',
  `status` int(11) NOT NULL DEFAULT 1 COMMENT '0:pended\r\n1:active',
  `roles_name` text DEFAULT NULL,
  `reset_password` text DEFAULT NULL,
  `condition_status` int(11) DEFAULT NULL COMMENT '0: not accpted, 1:accepted	',
  PRIMARY KEY (`id`),
  UNIQUE KEY `users_email_unique` (`email`)
) ENGINE=InnoDB DEFAULT CHARSET=utf8;
/*!40101 SET character_set_client = @saved_cs_client */;

--
-- Dumping data for table `users`
--

LOCK TABLES `users` WRITE;
/*!40000 ALTER TABLE `users` DISABLE KEYS */;
/*!40000 ALTER TABLE `users` ENABLE KEYS */;
UNLOCK TABLES;

--
-- Table structure for table `videos`
--

DROP TABLE IF EXISTS `videos`;
/*!40101 SET @saved_cs_client     = @@character_set_client */;
/*!40101 SET character_set_client = utf8 */;
CREATE TABLE `videos` (
  `id` int(14) unsigned NOT NULL AUTO_INCREMENT,
  `title` text DEFAULT NULL,
  `description` text DEFAULT NULL,
  `folder_name` text DEFAULT NULL,
  `main_path` text NOT NULL,
  `video_path` varchar(255) DEFAULT NULL,
  `image_path` varchar(255) DEFAULT NULL,
  `tags` varchar(255) DEFAULT NULL,
  `target_age_id` int(11) unsigned DEFAULT NULL,
  `type_id` int(11) unsigned DEFAULT NULL,
  `vote_count` int(20) DEFAULT NULL,
  `view_count` int(20) DEFAULT NULL,
  `share_count` int(20) DEFAULT NULL,
  `video_length` int(30) DEFAULT NULL,
  `country_id` int(11) DEFAULT NULL,
  `location` varchar(255) DEFAULT NULL,
  `latitude` int(30) DEFAULT NULL,
  `longitude` int(30) DEFAULT NULL,
  `status` int(11) DEFAULT 1,
  `view_type` int(11) NOT NULL DEFAULT 0 COMMENT '0:landspace, 1:vertical, 2:both',
  `type` int(11) DEFAULT 0 COMMENT '0:video, 1:image',
  `created_at` timestamp NULL DEFAULT current_timestamp(),
  `updated_at` timestamp NULL DEFAULT current_timestamp(),
  `deleted_at` timestamp NULL DEFAULT current_timestamp(),
  `created_by` int(14) unsigned DEFAULT NULL,
  `updated_by` int(14) unsigned DEFAULT NULL,
  `deleted_by` int(14) unsigned DEFAULT NULL,
  PRIMARY KEY (`id`)
) ENGINE=InnoDB AUTO_INCREMENT=30 DEFAULT CHARSET=utf8mb4;
/*!40101 SET character_set_client = @saved_cs_client */;

--
-- Dumping data for table `videos`
--

LOCK TABLES `videos` WRITE;
/*!40000 ALTER TABLE `videos` DISABLE KEYS */;
/*!40000 ALTER TABLE `videos` ENABLE KEYS */;
UNLOCK TABLES;
/*!40103 SET TIME_ZONE=@OLD_TIME_ZONE */;

/*!40101 SET SQL_MODE=@OLD_SQL_MODE */;
/*!40014 SET FOREIGN_KEY_CHECKS=@OLD_FOREIGN_KEY_CHECKS */;
/*!40014 SET UNIQUE_CHECKS=@OLD_UNIQUE_CHECKS */;
/*!40101 SET CHARACTER_SET_CLIENT=@OLD_CHARACTER_SET_CLIENT */;
/*!40101 SET CHARACTER_SET_RESULTS=@OLD_CHARACTER_SET_RESULTS */;
/*!40101 SET COLLATION_CONNECTION=@OLD_COLLATION_CONNECTION */;
/*!40111 SET SQL_NOTES=@OLD_SQL_NOTES */;

-- Dump completed on 2022-08-20 12:34:53
